chr2,rs4988235,POP,SUPER_POP
HGDP01201,C/C,Mandenka,AFRICA
HGDP00479,C/C,Biaka,AFRICA
HGDP01408,C/C,BantuKenya,AFRICA
HGDP00471,C/C,Mbuti,AFRICA
HGDP01411,C/C,BantuKenya,AFRICA
HGDP00937,C/C,Yoruba,AFRICA
HGDP01189,C/C,Miao,EAST_ASIA
HGDP01094,C/C,Biaka,AFRICA
HGDP00469,C/C,Biaka,AFRICA
HGDP00475,C/C,Biaka,AFRICA
HGDP01368,C/T,Basque,EUROPE
HGDP00473,C/C,Biaka,AFRICA
HGDP01405,C/C,BantuKenya,AFRICA
HGDP00470,C/C,Biaka,AFRICA
HGDP00458,C/C,Biaka,AFRICA
HGDP00904,C/C,Mandenka,AFRICA
HGDP01200,C/C,Mandenka,AFRICA
HGDP00452,C/C,Biaka,AFRICA
HGDP00459,C/C,Biaka,AFRICA
HGDP00914,C/C,Mandenka,AFRICA
HGDP00942,C/C,Yoruba,AFRICA
HGDP01031,C/C,BantuSouthAfrica,AFRICA
HGDP00944,C/C,Yoruba,AFRICA
HGDP01406,C/C,BantuKenya,AFRICA
HGDP01216,C/C,Daur,EAST_ASIA
HGDP00907,C/C,Mandenka,AFRICA
HGDP01202,C/C,Mandenka,AFRICA
HGDP00908,C/C,Mandenka,AFRICA
HGDP00940,C/C,Yoruba,AFRICA
HGDP00911,C/C,Mandenka,AFRICA
HGDP00464,C/C,Biaka,AFRICA
HGDP00929,C/C,Yoruba,AFRICA
HGDP00986,C/C,Biaka,AFRICA
HGDP01244,C/C,Xibo,EAST_ASIA
HGDP00941,C/C,Yoruba,AFRICA
HGDP00934,C/C,Yoruba,AFRICA
HGDP00462,C/C,Mbuti,AFRICA
HGDP00453,C/C,Biaka,AFRICA
HGDP00935,C/C,Yoruba,AFRICA
HGDP00943,C/C,Yoruba,AFRICA
HGDP01412,C/C,BantuKenya,AFRICA
HGDP01243,C/C,Xibo,EAST_ASIA
HGDP01299,C/C,Uygur,CENTRAL_SOUTH_ASIA
HGDP00845,C/C,Surui,AMERICA
HGDP00994,C/C,BantuSouthAfrica,AFRICA
HGDP01283,C/C,Mandenka,AFRICA
HGDP00993,C/C,BantuSouthAfrica,AFRICA
HGDP00918,C/C,Mandenka,AFRICA
HGDP00985,C/C,Biaka,AFRICA
HGDP00910,C/C,Mandenka,AFRICA
HGDP00135,C/T,Makrani,CENTRAL_SOUTH_ASIA
HGDP00214,C/T,Pathan,CENTRAL_SOUTH_ASIA
HGDP00655,C/C,Bougainville,OCEANIA
HGDP01096,C/C,Tujia,EAST_ASIA
HGDP00472,C/C,Biaka,AFRICA
HGDP00450,C/C,Mbuti,AFRICA
HGDP00905,C/C,Mandenka,AFRICA
HGDP01298,C/C,Uygur,CENTRAL_SOUTH_ASIA
HGDP00715,C/C,Cambodian,EAST_ASIA
HGDP00711,C/C,Cambodian,EAST_ASIA
HGDP00103,C/C,Hazara,CENTRAL_SOUTH_ASIA
HGDP00359,C/T,Burusho,CENTRAL_SOUTH_ASIA
HGDP00788,C/C,Bougainville,OCEANIA
HGDP00136,C/C,Makrani,CENTRAL_SOUTH_ASIA
HGDP00541,C/C,PapuanSepik,OCEANIA
HGDP01285,C/C,Mandenka,AFRICA
HGDP00491,C/C,Bougainville,OCEANIA
HGDP00105,C/C,Hazara,CENTRAL_SOUTH_ASIA
HGDP00127,C/T,Hazara,CENTRAL_SOUTH_ASIA
HGDP00547,C/C,PapuanSepik,OCEANIA
HGDP00463,C/C,Mbuti,AFRICA
HGDP00703,C/C,Colombian,AMERICA
HGDP00580,C/C,Druze,MIDDLE_EAST
HGDP00130,C/C,Makrani,CENTRAL_SOUTH_ASIA
HGDP00167,C/C,Sindhi,CENTRAL_SOUTH_ASIA
HGDP00576,C/C,Druze,MIDDLE_EAST
HGDP01385,C/T,Adygei,EUROPE
HGDP00662,C/C,Bougainville,OCEANIA
HGDP00948,C/C,Yakut,EAST_ASIA
HGDP00005,C/T,Brahui,CENTRAL_SOUTH_ASIA
HGDP00163,C/T,Sindhi,CENTRAL_SOUTH_ASIA
HGDP00346,C/C,Burusho,CENTRAL_SOUTH_ASIA
HGDP00609,C/C,Bedouin,MIDDLE_EAST
HGDP01257,C/C,Mozabite,MIDDLE_EAST
HGDP00608,C/C,Bedouin,MIDDLE_EAST
HGDP00544,C/C,PapuanSepik,OCEANIA
HGDP00714,C/C,Cambodian,EAST_ASIA
HGDP00057,C/C,Balochi,CENTRAL_SOUTH_ASIA
HGDP00213,C/C,Pathan,CENTRAL_SOUTH_ASIA
HGDP00165,T/T,Sindhi,CENTRAL_SOUTH_ASIA
HGDP01300,C/C,Uygur,CENTRAL_SOUTH_ASIA
HGDP00931,C/C,Yoruba,AFRICA
HGDP00466,C/C,Biaka,AFRICA
HGDP00279,C/C,Kalash,CENTRAL_SOUTH_ASIA
HGDP00945,C/C,Yakut,EAST_ASIA
HGDP00056,C/T,Balochi,CENTRAL_SOUTH_ASIA
HGDP01050,C/C,Pima,AMERICA
HGDP00288,C/C,Kalash,CENTRAL_SOUTH_ASIA
HGDP00562,C/T,Druze,MIDDLE_EAST
HGDP01396,C/C,Adygei,EUROPE
HGDP01009,C/C,Karitiana,AMERICA
HGDP01383,C/C,Adygei,EUROPE
HGDP00341,C/C,Burusho,CENTRAL_SOUTH_ASIA
HGDP01013,C/C,Karitiana,AMERICA
HGDP00543,C/C,PapuanSepik,OCEANIA
HGDP00947,C/C,Yakut,EAST_ASIA
HGDP00723,C/C,Palestinian,MIDDLE_EAST
HGDP00467,C/C,Mbuti,AFRICA
HGDP00545,C/C,PapuanSepik,OCEANIA
HGDP00610,C/C,Bedouin,MIDDLE_EAST
HGDP00001,C/C,Brahui,CENTRAL_SOUTH_ASIA
HGDP00218,C/T,Pathan,CENTRAL_SOUTH_ASIA
HGDP00933,C/C,Yoruba,AFRICA
HGDP00856,C/C,Maya,AMERICA
HGDP00062,C/T,Balochi,CENTRAL_SOUTH_ASIA
HGDP01086,C/C,Biaka,AFRICA
HGDP00710,C/C,Colombian,AMERICA
HGDP01192,C/C,Miao,EAST_ASIA
HGDP00009,C/T,Brahui,CENTRAL_SOUTH_ASIA
HGDP00924,C/C,Yoruba,AFRICA
HGDP00550,C/C,PapuanHighlands,OCEANIA
HGDP00920,C/C,Yoruba,AFRICA
HGDP01225,C/C,Mongolian,EAST_ASIA
HGDP00925,C/C,Yoruba,AFRICA
HGDP00938,C/C,Yoruba,AFRICA
HGDP00478,C/C,Mbuti,AFRICA
HGDP00939,C/C,Yoruba,AFRICA
HGDP01256,C/C,Mozabite,MIDDLE_EAST
HGDP00724,C/C,Palestinian,MIDDLE_EAST
HGDP00726,C/C,Palestinian,MIDDLE_EAST
HGDP00837,C/C,Surui,AMERICA
HGDP01190,C/C,Miao,EAST_ASIA
HGDP00555,C/C,PapuanHighlands,OCEANIA
HGDP01029,C/C,San,AFRICA
HGDP00118,C/C,Hazara,CENTRAL_SOUTH_ASIA
HGDP01081,C/C,Mbuti,AFRICA
HGDP01415,C/C,BantuKenya,AFRICA
HGDP01418,C/C,BantuKenya,AFRICA
HGDP01043,C/C,Pima,AMERICA
HGDP00843,C/C,Surui,AMERICA
HGDP01419,C/C,BantuKenya,AFRICA
HGDP00992,C/C,San,AFRICA
HGDP00877,C/C,Maya,AMERICA
HGDP00781,C/C,Han,EAST_ASIA
HGDP00926,C/C,Yoruba,AFRICA
HGDP00782,C/C,Han,EAST_ASIA
HGDP01255,C/T,Mozabite,MIDDLE_EAST
HGDP00460,C/C,Biaka,AFRICA
HGDP01245,C/C,Xibo,EAST_ASIA
HGDP01037,C/C,Pima,AMERICA
HGDP00930,C/C,Yoruba,AFRICA
HGDP00820,C/C,Han,EAST_ASIA
HGDP01214,C/C,Daur,EAST_ASIA
HGDP00319,C/C,Kalash,CENTRAL_SOUTH_ASIA
HGDP01186,C/C,Yi,EAST_ASIA
HGDP01310,C/C,Dai,EAST_ASIA
HGDP00821,C/C,Han,EAST_ASIA
HGDP00777,C/C,Han,EAST_ASIA
HGDP00984,C/C,Mbuti,AFRICA
HGDP01327,C/C,She,EAST_ASIA
HGDP01099,C/C,Tujia,EAST_ASIA
HGDP01416,C/C,BantuKenya,AFRICA
HGDP00972,C/C,Han,EAST_ASIA
HGDP01313,C/C,Dai,EAST_ASIA
HGDP00813,C/C,Han,EAST_ASIA
HGDP00814,C/C,Han,EAST_ASIA
HGDP00971,C/C,Han,EAST_ASIA
HGDP01296,C/C,NorthernHan,EAST_ASIA
HGDP01330,C/C,She,EAST_ASIA
HGDP00812,C/C,Han,EAST_ASIA
HGDP01213,C/C,Daur,EAST_ASIA
HGDP01340,C/C,Naxi,EAST_ASIA
HGDP00811,C/C,Han,EAST_ASIA
HGDP01033,C/C,BantuSouthAfrica,AFRICA
HGDP01090,C/C,Biaka,AFRICA
HGDP01021,C/C,Han,EAST_ASIA
HGDP01289,C/C,NorthernHan,EAST_ASIA
HGDP01023,C/C,Han,EAST_ASIA
HGDP00917,C/T,Mandenka,AFRICA
HGDP00776,C/C,Han,EAST_ASIA
HGDP00774,C/C,Han,EAST_ASIA
HGDP00815,C/C,Han,EAST_ASIA
HGDP00779,C/C,Han,EAST_ASIA
HGDP00818,C/C,Han,EAST_ASIA
HGDP00784,C/C,Han,EAST_ASIA
HGDP01318,C/C,Lahu,EAST_ASIA
HGDP01100,C/C,Tujia,EAST_ASIA
HGDP01290,C/C,NorthernHan,EAST_ASIA
HGDP00975,C/C,Han,EAST_ASIA
HGDP00974,C/C,Han,EAST_ASIA
HGDP01196,C/C,Miao,EAST_ASIA
HGDP00786,C/C,Han,EAST_ASIA
HGDP01181,C/C,Yi,EAST_ASIA
HGDP01354,C/C,Tu,EAST_ASIA
HGDP01294,C/C,NorthernHan,EAST_ASIA
HGDP01352,C/C,Tu,EAST_ASIA
HGDP01348,C/C,Tu,EAST_ASIA
HGDP01322,C/C,Lahu,EAST_ASIA
HGDP00977,C/C,Han,EAST_ASIA
HGDP00780,C/C,Han,EAST_ASIA
HGDP01287,C/C,NorthernHan,EAST_ASIA
HGDP01292,C/C,NorthernHan,EAST_ASIA
HGDP00976,C/C,Han,EAST_ASIA
HGDP01224,C/T,Mongolian,EAST_ASIA
HGDP01184,C/C,Yi,EAST_ASIA
HGDP01334,C/C,She,EAST_ASIA
HGDP01321,C/C,Lahu,EAST_ASIA
HGDP01101,C/C,Tujia,EAST_ASIA
HGDP01353,C/C,Tu,EAST_ASIA
HGDP00817,C/C,Han,EAST_ASIA
HGDP01180,C/C,Yi,EAST_ASIA
HGDP01195,C/C,Miao,EAST_ASIA
HGDP01341,C/C,Naxi,EAST_ASIA
HGDP01319,C/C,Lahu,EAST_ASIA
HGDP01311,C/C,Dai,EAST_ASIA
HGDP01193,C/C,Miao,EAST_ASIA
HGDP01104,C/C,Tujia,EAST_ASIA
HGDP01187,C/C,Yi,EAST_ASIA
HGDP01347,C/C,Tu,EAST_ASIA
HGDP01197,C/C,Miao,EAST_ASIA
HGDP01349,C/C,Tu,EAST_ASIA
HGDP01351,C/C,Tu,EAST_ASIA
HGDP01328,C/C,She,EAST_ASIA
HGDP01295,C/C,NorthernHan,EAST_ASIA
HGDP01288,C/C,NorthernHan,EAST_ASIA
HGDP01329,C/C,She,EAST_ASIA
HGDP00747,C/C,Japanese,EAST_ASIA
HGDP01293,C/C,NorthernHan,EAST_ASIA
HGDP00973,C/C,Han,EAST_ASIA
HGDP00762,C/C,Japanese,EAST_ASIA
HGDP01185,C/C,Yi,EAST_ASIA
HGDP01331,C/C,She,EAST_ASIA
HGDP01103,C/C,Tujia,EAST_ASIA
HGDP01317,C/C,Lahu,EAST_ASIA
HGDP01346,C/C,Naxi,EAST_ASIA
HGDP01342,C/C,Naxi,EAST_ASIA
HGDP01238,C/C,Hezhen,EAST_ASIA
HGDP01326,C/C,Lahu,EAST_ASIA
HGDP01356,C/C,Tu,EAST_ASIA
HGDP00958,C/C,Yakut,EAST_ASIA
HGDP01247,C/C,Xibo,EAST_ASIA
HGDP00766,C/C,Japanese,EAST_ASIA
HGDP01233,C/C,Hezhen,EAST_ASIA
HGDP01207,C/C,Oroqen,EAST_ASIA
HGDP01336,C/C,She,EAST_ASIA
HGDP00819,C/C,Han,EAST_ASIA
HGDP00382,C/C,Burusho,CENTRAL_SOUTH_ASIA
HGDP00946,C/C,Yakut,EAST_ASIA
HGDP01332,C/C,She,EAST_ASIA
HGDP01337,C/C,Naxi,EAST_ASIA
HGDP01222,C/C,Daur,EAST_ASIA
HGDP01291,C/C,NorthernHan,EAST_ASIA
HGDP01183,C/C,Yi,EAST_ASIA
HGDP00822,C/C,Han,EAST_ASIA
HGDP00755,C/C,Japanese,EAST_ASIA
HGDP00966,C/C,Yakut,EAST_ASIA
HGDP01304,C/C,Uygur,CENTRAL_SOUTH_ASIA
HGDP00716,C/C,Cambodian,EAST_ASIA
HGDP01182,C/C,Yi,EAST_ASIA
HGDP01230,C/C,Mongolian,EAST_ASIA
HGDP00965,C/C,Yakut,EAST_ASIA
HGDP01194,C/C,Miao,EAST_ASIA
HGDP00376,C/C,Burusho,CENTRAL_SOUTH_ASIA
HGDP00364,C/C,Burusho,CENTRAL_SOUTH_ASIA
HGDP00954,C/C,Yakut,EAST_ASIA
HGDP01234,C/C,Hezhen,EAST_ASIA
HGDP00712,C/C,Cambodian,EAST_ASIA
HGDP00962,C/C,Yakut,EAST_ASIA
HGDP00754,C/C,Japanese,EAST_ASIA
HGDP01232,C/C,Mongolian,EAST_ASIA
HGDP01102,C/C,Tujia,EAST_ASIA
HGDP01204,C/C,Oroqen,EAST_ASIA
HGDP00100,C/C,Hazara,CENTRAL_SOUTH_ASIA
HGDP01303,C/C,Uygur,CENTRAL_SOUTH_ASIA
HGDP01206,C/C,Oroqen,EAST_ASIA
HGDP00772,C/C,Japanese,EAST_ASIA
HGDP00099,C/T,Hazara,CENTRAL_SOUTH_ASIA
HGDP00371,C/C,Burusho,CENTRAL_SOUTH_ASIA
HGDP00758,C/C,Japanese,EAST_ASIA
HGDP00765,C/C,Japanese,EAST_ASIA
HGDP00750,C/C,Japanese,EAST_ASIA
HGDP01229,C/C,Mongolian,EAST_ASIA
HGDP01237,C/C,Hezhen,EAST_ASIA
HGDP00756,C/C,Japanese,EAST_ASIA
HGDP00751,C/C,Japanese,EAST_ASIA
HGDP00828,C/C,Japanese,EAST_ASIA
HGDP00108,C/C,Hazara,CENTRAL_SOUTH_ASIA
HGDP00115,C/C,Hazara,CENTRAL_SOUTH_ASIA
HGDP00790,C/C,Japanese,EAST_ASIA
HGDP00109,C/C,Hazara,CENTRAL_SOUTH_ASIA
HGDP00963,C/C,Yakut,EAST_ASIA
HGDP00356,C/C,Burusho,CENTRAL_SOUTH_ASIA
HGDP00392,C/C,Burusho,CENTRAL_SOUTH_ASIA
HGDP01221,C/C,Daur,EAST_ASIA
HGDP00953,C/C,Yakut,EAST_ASIA
HGDP01209,C/C,Oroqen,EAST_ASIA
HGDP00950,C/C,Yakut,EAST_ASIA
HGDP00719,C/C,Cambodian,EAST_ASIA
HGDP00104,C/C,Hazara,CENTRAL_SOUTH_ASIA
HGDP01249,C/C,Xibo,EAST_ASIA
HGDP01218,C/C,Daur,EAST_ASIA
HGDP01251,C/C,Xibo,EAST_ASIA
HGDP00960,C/C,Yakut,EAST_ASIA
HGDP00964,C/C,Yakut,EAST_ASIA
HGDP00771,C/C,Japanese,EAST_ASIA
HGDP00957,C/T,Yakut,EAST_ASIA
HGDP00968,C/C,Yakut,EAST_ASIA
HGDP01220,C/T,Daur,EAST_ASIA
HGDP01212,C/C,Oroqen,EAST_ASIA
HGDP00761,C/C,Japanese,EAST_ASIA
HGDP01205,C/C,Oroqen,EAST_ASIA
HGDP00351,C/C,Burusho,CENTRAL_SOUTH_ASIA
HGDP00372,C/C,Burusho,CENTRAL_SOUTH_ASIA
HGDP01241,C/C,Hezhen,EAST_ASIA
HGDP00760,C/C,Japanese,EAST_ASIA
HGDP00961,C/C,Yakut,EAST_ASIA
HGDP00769,C/C,Japanese,EAST_ASIA
HGDP00757,C/C,Japanese,EAST_ASIA
HGDP00952,C/C,Yakut,EAST_ASIA
HGDP00721,C/C,Cambodian,EAST_ASIA
HGDP00021,T/T,Brahui,CENTRAL_SOUTH_ASIA
HGDP01231,C/C,Mongolian,EAST_ASIA
HGDP00969,T/T,Yakut,EAST_ASIA
HGDP00039,C/C,Brahui,CENTRAL_SOUTH_ASIA
HGDP00764,C/C,Japanese,EAST_ASIA
HGDP01305,C/C,Uygur,CENTRAL_SOUTH_ASIA
HGDP00060,C/C,Balochi,CENTRAL_SOUTH_ASIA
HGDP00035,T/T,Brahui,CENTRAL_SOUTH_ASIA
HGDP00791,C/C,Japanese,EAST_ASIA
HGDP00234,C/C,Pathan,CENTRAL_SOUTH_ASIA
HGDP01227,C/C,Mongolian,EAST_ASIA
HGDP01236,C/C,Hezhen,EAST_ASIA
HGDP00110,C/C,Hazara,CENTRAL_SOUTH_ASIA
HGDP00173,C/C,Sindhi,CENTRAL_SOUTH_ASIA
HGDP00955,C/C,Yakut,EAST_ASIA
HGDP00106,C/C,Hazara,CENTRAL_SOUTH_ASIA
HGDP00285,C/C,Kalash,CENTRAL_SOUTH_ASIA
HGDP00047,C/C,Brahui,CENTRAL_SOUTH_ASIA
HGDP00049,C/C,Brahui,CENTRAL_SOUTH_ASIA
HGDP00031,C/C,Brahui,CENTRAL_SOUTH_ASIA
HGDP00438,C/T,Burusho,CENTRAL_SOUTH_ASIA
HGDP00199,T/T,Sindhi,CENTRAL_SOUTH_ASIA
HGDP00313,C/C,Kalash,CENTRAL_SOUTH_ASIA
HGDP00066,C/T,Balochi,CENTRAL_SOUTH_ASIA
HGDP00239,C/C,Pathan,CENTRAL_SOUTH_ASIA
HGDP00013,C/T,Brahui,CENTRAL_SOUTH_ASIA
HGDP00323,C/C,Kalash,CENTRAL_SOUTH_ASIA
HGDP00070,C/C,Balochi,CENTRAL_SOUTH_ASIA
HGDP00262,C/C,Pathan,CENTRAL_SOUTH_ASIA
HGDP00224,C/C,Pathan,CENTRAL_SOUTH_ASIA
HGDP00304,C/C,Kalash,CENTRAL_SOUTH_ASIA
HGDP00098,C/C,Balochi,CENTRAL_SOUTH_ASIA
HGDP00043,C/T,Brahui,CENTRAL_SOUTH_ASIA
HGDP00181,C/C,Sindhi,CENTRAL_SOUTH_ASIA
HGDP00247,C/T,Pathan,CENTRAL_SOUTH_ASIA
HGDP01361,T/T,Basque,EUROPE
HGDP00445,C/T,Burusho,CENTRAL_SOUTH_ASIA
HGDP00423,C/C,Burusho,CENTRAL_SOUTH_ASIA
HGDP00189,C/T,Sindhi,CENTRAL_SOUTH_ASIA
HGDP00243,C/T,Pathan,CENTRAL_SOUTH_ASIA
HGDP00033,C/C,Brahui,CENTRAL_SOUTH_ASIA
HGDP00011,C/T,Brahui,CENTRAL_SOUTH_ASIA
HGDP00210,C/T,Sindhi,CENTRAL_SOUTH_ASIA
HGDP00082,C/C,Balochi,CENTRAL_SOUTH_ASIA
HGDP00258,C/C,Pathan,CENTRAL_SOUTH_ASIA
HGDP00315,C/C,Kalash,CENTRAL_SOUTH_ASIA
HGDP00052,C/C,Balochi,CENTRAL_SOUTH_ASIA
HGDP00074,C/T,Balochi,CENTRAL_SOUTH_ASIA
HGDP00185,C/T,Sindhi,CENTRAL_SOUTH_ASIA
HGDP00072,C/C,Balochi,CENTRAL_SOUTH_ASIA
HGDP00192,C/T,Sindhi,CENTRAL_SOUTH_ASIA
HGDP00244,T/T,Pathan,CENTRAL_SOUTH_ASIA
HGDP00277,C/C,Kalash,CENTRAL_SOUTH_ASIA
HGDP00412,C/C,Burusho,CENTRAL_SOUTH_ASIA
HGDP00092,C/C,Balochi,CENTRAL_SOUTH_ASIA
HGDP01358,T/T,Basque,EUROPE
HGDP00228,C/T,Pathan,CENTRAL_SOUTH_ASIA
HGDP00264,C/T,Pathan,CENTRAL_SOUTH_ASIA
HGDP00290,C/C,Kalash,CENTRAL_SOUTH_ASIA
HGDP00330,C/C,Kalash,CENTRAL_SOUTH_ASIA
HGDP00003,C/T,Brahui,CENTRAL_SOUTH_ASIA
HGDP01359,C/C,Basque,EUROPE
HGDP00417,C/C,Burusho,CENTRAL_SOUTH_ASIA
HGDP00025,C/T,Brahui,CENTRAL_SOUTH_ASIA
HGDP00139,C/C,Makrani,CENTRAL_SOUTH_ASIA
HGDP00536,C/T,French,EUROPE
HGDP00539,C/C,French,EUROPE
HGDP00205,C/C,Sindhi,CENTRAL_SOUTH_ASIA
HGDP00183,C/C,Sindhi,CENTRAL_SOUTH_ASIA
HGDP00402,C/T,Burusho,CENTRAL_SOUTH_ASIA
HGDP00169,C/T,Sindhi,CENTRAL_SOUTH_ASIA
HGDP00080,C/T,Balochi,CENTRAL_SOUTH_ASIA
HGDP00096,T/T,Balochi,CENTRAL_SOUTH_ASIA
HGDP00015,C/T,Brahui,CENTRAL_SOUTH_ASIA
HGDP00141,T/T,Makrani,CENTRAL_SOUTH_ASIA
HGDP00879,C/T,Russian,EUROPE
HGDP00086,C/T,Balochi,CENTRAL_SOUTH_ASIA
HGDP00298,C/C,Kalash,CENTRAL_SOUTH_ASIA
HGDP00146,C/C,Makrani,CENTRAL_SOUTH_ASIA
HGDP00251,C/T,Pathan,CENTRAL_SOUTH_ASIA
HGDP00902,C/T,Russian,EUROPE
HGDP00150,C/C,Makrani,CENTRAL_SOUTH_ASIA
HGDP00226,C/C,Pathan,CENTRAL_SOUTH_ASIA
HGDP00309,C/C,Kalash,CENTRAL_SOUTH_ASIA
HGDP00153,C/T,Makrani,CENTRAL_SOUTH_ASIA
HGDP00519,T/T,French,EUROPE
HGDP00512,C/T,French,EUROPE
HGDP00088,C/T,Balochi,CENTRAL_SOUTH_ASIA
HGDP00145,C/T,Makrani,CENTRAL_SOUTH_ASIA
HGDP01357,C/T,Basque,EUROPE
HGDP00134,C/T,Makrani,CENTRAL_SOUTH_ASIA
HGDP00137,C/T,Makrani,CENTRAL_SOUTH_ASIA
HGDP00201,C/C,Sindhi,CENTRAL_SOUTH_ASIA
HGDP00880,C/C,Russian,EUROPE
HGDP00513,C/T,French,EUROPE
HGDP00900,C/C,Russian,EUROPE
HGDP00898,C/C,Russian,EUROPE
HGDP00527,C/T,French,EUROPE
HGDP01363,C/C,Basque,EUROPE
HGDP00524,C/T,French,EUROPE
HGDP00511,C/T,French,EUROPE
HGDP00154,C/C,Makrani,CENTRAL_SOUTH_ASIA
HGDP01404,C/C,Adygei,EUROPE
HGDP00143,C/C,Makrani,CENTRAL_SOUTH_ASIA
HGDP00899,C/C,Russian,EUROPE
HGDP00901,C/T,Russian,EUROPE
HGDP00177,C/C,Sindhi,CENTRAL_SOUTH_ASIA
HGDP00886,C/T,Russian,EUROPE
HGDP00078,C/T,Balochi,CENTRAL_SOUTH_ASIA
HGDP01388,C/T,Adygei,EUROPE
HGDP01360,T/T,Basque,EUROPE
HGDP00520,C/C,French,EUROPE
HGDP00149,C/C,Makrani,CENTRAL_SOUTH_ASIA
HGDP00522,T/T,French,EUROPE
HGDP00535,C/C,French,EUROPE
HGDP00523,C/C,French,EUROPE
HGDP00518,C/T,French,EUROPE
HGDP00158,C/T,Makrani,CENTRAL_SOUTH_ASIA
HGDP00094,T/T,Balochi,CENTRAL_SOUTH_ASIA
HGDP00531,C/T,French,EUROPE
HGDP00537,C/T,French,EUROPE
HGDP00528,T/T,French,EUROPE
HGDP00151,C/T,Makrani,CENTRAL_SOUTH_ASIA
HGDP00516,C/C,French,EUROPE
HGDP00895,C/C,Russian,EUROPE
HGDP00133,T/T,Makrani,CENTRAL_SOUTH_ASIA
HGDP00891,C/T,Russian,EUROPE
HGDP00076,C/T,Balochi,CENTRAL_SOUTH_ASIA
HGDP01362,C/T,Basque,EUROPE
HGDP00529,T/T,French,EUROPE
HGDP00883,C/C,Russian,EUROPE
HGDP00515,C/C,French,EUROPE
HGDP00140,C/T,Makrani,CENTRAL_SOUTH_ASIA
HGDP00882,C/T,Russian,EUROPE
HGDP00538,C/T,French,EUROPE
HGDP01400,C/C,Adygei,EUROPE
HGDP00148,C/C,Makrani,CENTRAL_SOUTH_ASIA
HGDP00155,C/C,Makrani,CENTRAL_SOUTH_ASIA
HGDP01398,C/T,Adygei,EUROPE
HGDP00131,C/T,Makrani,CENTRAL_SOUTH_ASIA
HGDP01382,C/C,Adygei,EUROPE
HGDP00144,C/T,Makrani,CENTRAL_SOUTH_ASIA
HGDP00884,C/C,Russian,EUROPE
HGDP01376,C/T,Basque,EUROPE
HGDP00889,T/T,Russian,EUROPE
HGDP01397,C/T,Adygei,EUROPE
HGDP00896,C/C,Russian,EUROPE
HGDP01386,C/C,Adygei,EUROPE
HGDP00525,C/C,French,EUROPE
HGDP00890,C/C,Russian,EUROPE
HGDP01403,C/C,Adygei,EUROPE
HGDP00893,C/C,Russian,EUROPE
HGDP00897,C/C,Russian,EUROPE
HGDP00517,C/T,French,EUROPE
HGDP00799,T/T,Orcadian,EUROPE
HGDP00885,C/C,Russian,EUROPE
HGDP00161,C/T,Makrani,CENTRAL_SOUTH_ASIA
HGDP00892,C/T,Russian,EUROPE
HGDP00888,C/T,Russian,EUROPE
HGDP01074,C/C,Sardinian,EUROPE
HGDP00881,C/C,Russian,EUROPE
HGDP00671,C/C,Sardinian,EUROPE
HGDP00514,T/T,French,EUROPE
HGDP01157,C/T,BergamoItalian,EUROPE
HGDP00894,C/T,Russian,EUROPE
HGDP01164,C/C,Tuscan,EUROPE
HGDP01156,C/T,BergamoItalian,EUROPE
HGDP00561,C/C,Druze,MIDDLE_EAST
HGDP01073,C/C,Sardinian,EUROPE
HGDP00563,C/C,Druze,MIDDLE_EAST
HGDP01399,C/C,Adygei,EUROPE
HGDP00797,T/T,Orcadian,EUROPE
HGDP01375,C/T,Basque,EUROPE
HGDP01065,C/C,Sardinian,EUROPE
HGDP00572,C/C,Druze,MIDDLE_EAST
HGDP00573,C/C,Druze,MIDDLE_EAST
HGDP01066,C/C,Sardinian,EUROPE
HGDP00808,T/T,Orcadian,EUROPE
HGDP00583,C/C,Druze,MIDDLE_EAST
HGDP01166,C/C,Tuscan,EUROPE
HGDP00807,T/T,Orcadian,EUROPE
HGDP01387,C/C,Adygei,EUROPE
HGDP01367,C/T,Basque,EUROPE
HGDP00534,C/C,French,EUROPE
HGDP00670,C/T,Sardinian,EUROPE
HGDP00582,C/C,Druze,MIDDLE_EAST
HGDP00579,C/C,Druze,MIDDLE_EAST
HGDP00649,C/C,Bedouin,MIDDLE_EAST
HGDP00651,C/C,Bedouin,MIDDLE_EAST
HGDP00691,C/C,Palestinian,MIDDLE_EAST
HGDP01071,C/C,Sardinian,EUROPE
HGDP00700,C/C,Palestinian,MIDDLE_EAST
HGDP00590,C/C,Druze,MIDDLE_EAST
HGDP00668,C/C,Sardinian,EUROPE
HGDP00632,C/C,Bedouin,MIDDLE_EAST
HGDP00675,C/C,Palestinian,MIDDLE_EAST
HGDP00803,C/C,Orcadian,EUROPE
HGDP00575,C/C,Druze,MIDDLE_EAST
HGDP00794,C/T,Orcadian,EUROPE
HGDP01173,C/C,BergamoItalian,EUROPE
HGDP00565,C/C,Druze,MIDDLE_EAST
HGDP00741,C/C,Palestinian,MIDDLE_EAST
HGDP00674,C/C,Sardinian,EUROPE
HGDP01068,C/C,Sardinian,EUROPE
HGDP00646,C/C,Bedouin,MIDDLE_EAST
HGDP00122,C/C,Hazara,CENTRAL_SOUTH_ASIA
HGDP00248,C/T,Pathan,CENTRAL_SOUTH_ASIA
HGDP00254,C/C,Pathan,CENTRAL_SOUTH_ASIA
HGDP00179,T/T,Sindhi,CENTRAL_SOUTH_ASIA
HGDP00241,C/T,Pathan,CENTRAL_SOUTH_ASIA
HGDP01075,C/C,Sardinian,EUROPE
HGDP00581,C/C,Druze,MIDDLE_EAST
HGDP00045,C/C,Brahui,CENTRAL_SOUTH_ASIA
HGDP00578,C/C,Druze,MIDDLE_EAST
HGDP01366,C/T,Basque,EUROPE
HGDP01070,C/C,Sardinian,EUROPE
HGDP00868,C/C,Maya,AMERICA
HGDP00970,C/C,Colombian,AMERICA
HGDP00631,C/C,Bedouin,MIDDLE_EAST
HGDP00870,C/C,Maya,AMERICA
HGDP00546,C/C,PapuanSepik,OCEANIA
HGDP00661,C/C,Bougainville,OCEANIA
HGDP00682,C/C,Palestinian,MIDDLE_EAST
HGDP00653,C/C,Bedouin,MIDDLE_EAST
HGDP00129,C/C,Hazara,CENTRAL_SOUTH_ASIA
HGDP00604,C/C,Druze,MIDDLE_EAST
HGDP00684,C/C,Palestinian,MIDDLE_EAST
HGDP00639,C/C,Bedouin,MIDDLE_EAST
HGDP00620,C/C,Bedouin,MIDDLE_EAST
HGDP00800,T/T,Orcadian,EUROPE
HGDP01171,C/C,BergamoItalian,EUROPE
HGDP01169,C/C,Tuscan,EUROPE
HGDP00802,C/T,Orcadian,EUROPE
HGDP00566,C/C,Druze,MIDDLE_EAST
HGDP01149,C/T,BergamoItalian,EUROPE
HGDP00626,C/T,Bedouin,MIDDLE_EAST
HGDP00102,C/C,Hazara,CENTRAL_SOUTH_ASIA
HGDP00767,C/C,Japanese,EAST_ASIA
HGDP00326,C/C,Kalash,CENTRAL_SOUTH_ASIA
HGDP00120,C/C,Hazara,CENTRAL_SOUTH_ASIA
HGDP00175,C/C,Sindhi,CENTRAL_SOUTH_ASIA
HGDP00333,C/C,Kalash,CENTRAL_SOUTH_ASIA
HGDP01155,C/T,BergamoItalian,EUROPE
HGDP00667,C/C,Sardinian,EUROPE
HGDP00863,C/C,Maya,AMERICA
HGDP00588,C/C,Druze,MIDDLE_EAST
HGDP00556,C/C,PapuanHighlands,OCEANIA
HGDP00787,C/C,Bougainville,OCEANIA
HGDP00858,C/C,Maya,AMERICA
HGDP01001,C/C,Karitiana,AMERICA
HGDP01161,C/C,Tuscan,EUROPE
HGDP01063,C/T,Sardinian,EUROPE
HGDP00912,C/C,Mandenka,AFRICA
HGDP00595,C/C,Druze,MIDDLE_EAST
HGDP00621,C/C,Bedouin,MIDDLE_EAST
HGDP00623,C/T,Bedouin,MIDDLE_EAST
HGDP01269,C/C,Mozabite,MIDDLE_EAST
HGDP00685,C/C,Palestinian,MIDDLE_EAST
HGDP01067,C/C,Sardinian,EUROPE
HGDP01167,C/C,Tuscan,EUROPE
HGDP01069,C/C,Sardinian,EUROPE
HGDP00696,C/C,Palestinian,MIDDLE_EAST
HGDP00687,C/C,Palestinian,MIDDLE_EAST
HGDP00121,C/C,Hazara,CENTRAL_SOUTH_ASIA
HGDP00388,C/C,Burusho,CENTRAL_SOUTH_ASIA
HGDP01248,C/C,Xibo,EAST_ASIA
HGDP00698,C/C,Palestinian,MIDDLE_EAST
HGDP00037,C/T,Brahui,CENTRAL_SOUTH_ASIA
HGDP00307,C/C,Kalash,CENTRAL_SOUTH_ASIA
HGDP00407,C/C,Burusho,CENTRAL_SOUTH_ASIA
HGDP00259,C/T,Pathan,CENTRAL_SOUTH_ASIA
HGDP00571,C/C,Druze,MIDDLE_EAST
HGDP00873,C/C,Maya,AMERICA
HGDP00663,C/C,Bougainville,OCEANIA
HGDP01041,C/C,Pima,AMERICA
HGDP00999,C/C,Karitiana,AMERICA
HGDP00704,C/C,Colombian,AMERICA
HGDP01277,C/C,Mozabite,MIDDLE_EAST
HGDP01152,C/C,BergamoItalian,EUROPE
HGDP00708,C/C,Colombian,AMERICA
HGDP00869,C/C,Maya,AMERICA
HGDP00909,C/C,Mandenka,AFRICA
HGDP00641,C/C,Bedouin,MIDDLE_EAST
HGDP00591,C/C,Druze,MIDDLE_EAST
HGDP00643,C/C,Bedouin,MIDDLE_EAST
HGDP00676,C/C,Palestinian,MIDDLE_EAST
HGDP01369,C/T,Basque,EUROPE
HGDP00640,C/C,Bedouin,MIDDLE_EAST
HGDP00810,C/T,Orcadian,EUROPE
HGDP00673,C/C,Sardinian,EUROPE
HGDP01379,T/T,Basque,EUROPE
HGDP00577,C/C,Druze,MIDDLE_EAST
HGDP00686,C/C,Palestinian,MIDDLE_EAST
HGDP00614,C/T,Bedouin,MIDDLE_EAST
HGDP00732,C/C,Palestinian,MIDDLE_EAST
HGDP01268,C/C,Mozabite,MIDDLE_EAST
HGDP00054,C/C,Balochi,CENTRAL_SOUTH_ASIA
HGDP00191,C/T,Sindhi,CENTRAL_SOUTH_ASIA
HGDP00311,C/C,Kalash,CENTRAL_SOUTH_ASIA
HGDP00669,C/C,Sardinian,EUROPE
HGDP01072,C/C,Sardinian,EUROPE
HGDP01162,C/C,Tuscan,EUROPE
HGDP00995,C/C,Karitiana,AMERICA
HGDP00876,C/C,Maya,AMERICA
HGDP00854,C/C,Maya,AMERICA
HGDP00875,C/C,Maya,AMERICA
HGDP01056,C/C,Pima,AMERICA
HGDP00752,C/C,Japanese,EAST_ASIA
HGDP01058,C/C,Pima,AMERICA
HGDP00753,C/C,Japanese,EAST_ASIA
HGDP00832,C/C,Surui,AMERICA
HGDP00727,C/C,Palestinian,MIDDLE_EAST
HGDP00679,C/T,Palestinian,MIDDLE_EAST
HGDP00688,C/C,Palestinian,MIDDLE_EAST
HGDP01260,C/C,Mozabite,MIDDLE_EAST
HGDP00635,C/C,Bedouin,MIDDLE_EAST
HGDP00672,C/C,Sardinian,EUROPE
HGDP01378,C/T,Basque,EUROPE
HGDP00557,C/C,Druze,MIDDLE_EAST
HGDP00678,C/C,Palestinian,MIDDLE_EAST
HGDP01254,C/T,Mozabite,MIDDLE_EAST
HGDP01217,C/C,Daur,EAST_ASIA
HGDP00638,C/C,Bedouin,MIDDLE_EAST
HGDP00618,C/C,Bedouin,MIDDLE_EAST
HGDP00949,C/C,Yakut,EAST_ASIA
HGDP00759,C/C,Japanese,EAST_ASIA
HGDP00230,C/T,Pathan,CENTRAL_SOUTH_ASIA
HGDP00068,T/T,Balochi,CENTRAL_SOUTH_ASIA
HGDP00029,C/T,Brahui,CENTRAL_SOUTH_ASIA
HGDP00553,C/C,PapuanHighlands,OCEANIA
HGDP00615,C/C,Bedouin,MIDDLE_EAST
HGDP01309,C/C,Dai,EAST_ASIA
HGDP01060,C/C,Pima,AMERICA
HGDP00628,C/C,Bedouin,MIDDLE_EAST
HGDP00859,C/C,Maya,AMERICA
HGDP01053,C/C,Pima,AMERICA
HGDP01027,C/C,Bougainville,OCEANIA
HGDP00805,C/T,Orcadian,EUROPE
HGDP00872,C/C,Maya,AMERICA
HGDP00594,C/T,Druze,MIDDLE_EAST
HGDP00624,C/C,Bedouin,MIDDLE_EAST
HGDP00598,C/C,Druze,MIDDLE_EAST
HGDP00647,C/C,Bedouin,MIDDLE_EAST
HGDP00735,C/C,Palestinian,MIDDLE_EAST
HGDP00699,C/C,Palestinian,MIDDLE_EAST
HGDP00602,C/C,Druze,MIDDLE_EAST
HGDP00586,C/C,Druze,MIDDLE_EAST
HGDP00648,C/C,Bedouin,MIDDLE_EAST
HGDP01239,C/C,Hezhen,EAST_ASIA
HGDP00690,C/C,Palestinian,MIDDLE_EAST
HGDP00017,C/C,Brahui,CENTRAL_SOUTH_ASIA
HGDP01270,C/C,Mozabite,MIDDLE_EAST
HGDP00444,C/C,Burusho,CENTRAL_SOUTH_ASIA
HGDP00197,C/C,Sindhi,CENTRAL_SOUTH_ASIA
HGDP00560,C/C,Druze,MIDDLE_EAST
HGDP01059,C/C,Pima,AMERICA
HGDP00849,C/C,Surui,AMERICA
HGDP01276,C/C,Mozabite,MIDDLE_EAST
HGDP01262,C/C,Mozabite,MIDDLE_EAST
HGDP00906,C/C,Mandenka,AFRICA
HGDP00625,C/C,Bedouin,MIDDLE_EAST
HGDP01282,C/C,Mozabite,MIDDLE_EAST
HGDP01373,T/T,Basque,EUROPE
HGDP00607,C/C,Bedouin,MIDDLE_EAST
HGDP00683,C/C,Palestinian,MIDDLE_EAST
HGDP00738,C/C,Palestinian,MIDDLE_EAST
HGDP00739,C/C,Palestinian,MIDDLE_EAST
HGDP00629,C/C,Bedouin,MIDDLE_EAST
HGDP00746,C/C,Palestinian,MIDDLE_EAST
HGDP00619,C/C,Bedouin,MIDDLE_EAST
HGDP00636,C/C,Bedouin,MIDDLE_EAST
HGDP00574,C/C,Druze,MIDDLE_EAST
HGDP01370,T/T,Basque,EUROPE
HGDP01077,C/C,Sardinian,EUROPE
HGDP00587,C/C,Druze,MIDDLE_EAST
HGDP00599,C/C,Druze,MIDDLE_EAST
HGDP01174,C/T,BergamoItalian,EUROPE
HGDP00637,C/C,Bedouin,MIDDLE_EAST
HGDP00677,C/C,Palestinian,MIDDLE_EAST
HGDP00748,C/C,Japanese,EAST_ASIA
HGDP00171,C/C,Sindhi,CENTRAL_SOUTH_ASIA
HGDP00041,C/C,Brahui,CENTRAL_SOUTH_ASIA
HGDP00023,C/C,Brahui,CENTRAL_SOUTH_ASIA
HGDP01372,T/T,Basque,EUROPE
HGDP01151,C/T,BergamoItalian,EUROPE
HGDP00558,C/C,Druze,MIDDLE_EAST
HGDP01275,C/C,Mozabite,MIDDLE_EAST
HGDP00454,C/C,Biaka,AFRICA
HGDP00860,C/T,Maya,AMERICA
HGDP00455,C/C,Biaka,AFRICA
HGDP00549,C/C,PapuanHighlands,OCEANIA
HGDP00861,C/C,Maya,AMERICA
HGDP00551,C/C,PapuanHighlands,OCEANIA
HGDP00611,C/C,Bedouin,MIDDLE_EAST
HGDP00730,C/T,Palestinian,MIDDLE_EAST
HGDP00745,C/T,Palestinian,MIDDLE_EAST
HGDP00564,C/C,Druze,MIDDLE_EAST
HGDP01377,T/T,Basque,EUROPE
HGDP00666,C/C,Sardinian,EUROPE
HGDP00959,C/C,Yakut,EAST_ASIA
HGDP01271,C/C,Mozabite,MIDDLE_EAST
HGDP00433,C/C,Burusho,CENTRAL_SOUTH_ASIA
HGDP00397,C/T,Burusho,CENTRAL_SOUTH_ASIA
HGDP00237,C/C,Pathan,CENTRAL_SOUTH_ASIA
HGDP00806,C/T,Orcadian,EUROPE
HGDP01177,C/T,BergamoItalian,EUROPE
HGDP01302,C/T,Uygur,CENTRAL_SOUTH_ASIA
HGDP00804,T/T,Orcadian,EUROPE
HGDP01019,C/C,Karitiana,AMERICA
HGDP01055,C/C,Pima,AMERICA
HGDP00729,C/C,Palestinian,MIDDLE_EAST
HGDP01010,C/C,Karitiana,AMERICA
HGDP01014,C/C,Karitiana,AMERICA
HGDP00871,C/C,Maya,AMERICA
HGDP00862,C/C,Maya,AMERICA
HGDP00634,C/C,Bedouin,MIDDLE_EAST
HGDP00693,C/T,Palestinian,MIDDLE_EAST
HGDP00644,C/C,Bedouin,MIDDLE_EAST
HGDP00613,C/C,Bedouin,MIDDLE_EAST
HGDP00654,C/C,Bedouin,MIDDLE_EAST
HGDP00734,C/C,Palestinian,MIDDLE_EAST
HGDP00645,C/C,Bedouin,MIDDLE_EAST
HGDP01267,C/T,Mozabite,MIDDLE_EAST
HGDP00701,C/C,Bedouin,MIDDLE_EAST
HGDP00733,C/C,Palestinian,MIDDLE_EAST
HGDP00744,C/C,Palestinian,MIDDLE_EAST
HGDP01208,C/C,Oroqen,EAST_ASIA
HGDP00302,C/C,Kalash,CENTRAL_SOUTH_ASIA
HGDP01380,T/T,Basque,EUROPE
HGDP00795,T/T,Orcadian,EUROPE
HGDP00913,C/C,Mandenka,AFRICA
HGDP01258,T/T,Mozabite,MIDDLE_EAST
HGDP00864,C/C,Maya,AMERICA
HGDP01339,C/C,Naxi,EAST_ASIA
HGDP00568,C/C,Druze,MIDDLE_EAST
HGDP01280,C/C,Mozabite,MIDDLE_EAST
HGDP01261,C/C,Mozabite,MIDDLE_EAST
HGDP00622,C/C,Bedouin,MIDDLE_EAST
HGDP01264,T/T,Mozabite,MIDDLE_EAST
HGDP00692,C/C,Palestinian,MIDDLE_EAST
HGDP00736,C/C,Palestinian,MIDDLE_EAST
HGDP00612,C/C,Bedouin,MIDDLE_EAST
HGDP00740,C/C,Palestinian,MIDDLE_EAST
HGDP00584,C/C,Druze,MIDDLE_EAST
HGDP00600,C/C,Druze,MIDDLE_EAST
HGDP00627,C/C,Bedouin,MIDDLE_EAST
HGDP01374,C/T,Basque,EUROPE
HGDP00542,C/C,PapuanSepik,OCEANIA
HGDP00559,C/C,Druze,MIDDLE_EAST
HGDP00838,C/C,Surui,AMERICA
HGDP01301,C/C,Uygur,CENTRAL_SOUTH_ASIA
HGDP00642,C/C,Bedouin,MIDDLE_EAST
HGDP00694,C/C,Palestinian,MIDDLE_EAST
HGDP01259,C/T,Mozabite,MIDDLE_EAST
HGDP00187,C/C,Sindhi,CENTRAL_SOUTH_ASIA
HGDP00274,C/C,Kalash,CENTRAL_SOUTH_ASIA
HGDP00281,C/C,Kalash,CENTRAL_SOUTH_ASIA
HGDP01263,C/C,Mozabite,MIDDLE_EAST
HGDP01057,C/C,Pima,AMERICA
HGDP00606,C/C,Druze,MIDDLE_EAST
HGDP00601,C/C,Druze,MIDDLE_EAST
HGDP00689,C/C,Palestinian,MIDDLE_EAST
HGDP00697,C/C,Palestinian,MIDDLE_EAST
HGDP00064,C/C,Balochi,CENTRAL_SOUTH_ASIA
HGDP00222,C/T,Pathan,CENTRAL_SOUTH_ASIA
HGDP00007,C/T,Brahui,CENTRAL_SOUTH_ASIA
HGDP01062,C/C,Sardinian,EUROPE
HGDP00567,C/C,Druze,MIDDLE_EAST
HGDP00967,C/C,Yakut,EAST_ASIA
HGDP00206,C/T,Sindhi,CENTRAL_SOUTH_ASIA
HGDP00865,C/C,Maya,AMERICA
HGDP00731,C/C,Palestinian,MIDDLE_EAST
HGDP00664,C/C,Bougainville,OCEANIA
HGDP01266,T/T,Mozabite,MIDDLE_EAST
HGDP01265,C/C,Mozabite,MIDDLE_EAST
HGDP00630,C/C,Bedouin,MIDDLE_EAST
HGDP01064,C/T,Sardinian,EUROPE
HGDP01272,C/T,Mozabite,MIDDLE_EAST
HGDP01279,C/C,Mozabite,MIDDLE_EAST
HGDP00680,C/C,Palestinian,MIDDLE_EAST
HGDP00521,C/C,French,EUROPE
HGDP01284,C/C,Mandenka,AFRICA
HGDP00456,C/C,Mbuti,AFRICA
HGDP00778,C/C,Han,EAST_ASIA
HGDP00927,C/C,Yoruba,AFRICA
HGDP00998,C/C,Karitiana,AMERICA
HGDP01307,C/C,Dai,EAST_ASIA
HGDP00665,C/T,Sardinian,EUROPE
HGDP01079,C/C,Sardinian,EUROPE
HGDP01078,C/C,Sardinian,EUROPE
HGDP01323,C/C,Lahu,EAST_ASIA
HGDP00616,C/C,Bedouin,MIDDLE_EAST
HGDP00725,C/C,Palestinian,MIDDLE_EAST
HGDP01338,C/C,Naxi,EAST_ASIA
HGDP01333,C/C,She,EAST_ASIA
HGDP00449,C/C,Mbuti,AFRICA
HGDP00476,C/C,Mbuti,AFRICA
HGDP00027,T/T,Brahui,CENTRAL_SOUTH_ASIA
HGDP01345,C/C,Naxi,EAST_ASIA
HGDP00548,C/C,PapuanHighlands,OCEANIA
HGDP01402,C/C,Adygei,EUROPE
HGDP00737,C/C,Palestinian,MIDDLE_EAST
HGDP00232,C/T,Pathan,CENTRAL_SOUTH_ASIA
HGDP01246,C/C,Xibo,EAST_ASIA
HGDP00773,C/C,Japanese,EAST_ASIA
HGDP00749,C/C,Japanese,EAST_ASIA
HGDP00597,C/C,Druze,MIDDLE_EAST
HGDP01198,C/C,Miao,EAST_ASIA
HGDP00058,C/C,Balochi,CENTRAL_SOUTH_ASIA
HGDP00785,C/C,Han,EAST_ASIA
HGDP00903,C/C,Russian,EUROPE
HGDP00540,C/C,PapuanSepik,OCEANIA
HGDP01098,C/C,Tujia,EAST_ASIA
HGDP00706,C/C,Colombian,AMERICA
HGDP01253,C/T,Mozabite,MIDDLE_EAST
HGDP00569,C/C,Druze,MIDDLE_EAST
HGDP01240,C/C,Hezhen,EAST_ASIA
HGDP01315,C/C,Dai,EAST_ASIA
HGDP00160,C/T,Makrani,CENTRAL_SOUTH_ASIA
HGDP01364,T/T,Basque,EUROPE
HGDP01032,C/C,San,AFRICA
HGDP01153,C/C,BergamoItalian,EUROPE
HGDP00932,C/C,Yoruba,AFRICA
HGDP01047,C/C,Pima,AMERICA
HGDP00338,C/C,Burusho,CENTRAL_SOUTH_ASIA
HGDP00846,C/C,Surui,AMERICA
HGDP00991,C/C,San,AFRICA
HGDP00936,C/C,Yoruba,AFRICA
HGDP01274,C/T,Mozabite,MIDDLE_EAST
HGDP01030,C/C,BantuSouthAfrica,AFRICA
HGDP00660,C/C,Bougainville,OCEANIA
HGDP00216,C/C,Pathan,CENTRAL_SOUTH_ASIA
HGDP00656,C/C,Bougainville,OCEANIA
HGDP01076,C/C,Sardinian,EUROPE
HGDP01286,C/C,Mandenka,AFRICA
HGDP01044,C/C,Pima,AMERICA
HGDP01242,C/C,Hezhen,EAST_ASIA
HGDP01417,C/C,BantuKenya,AFRICA
HGDP00956,C/C,Yakut,EAST_ASIA
HGDP01320,C/C,Lahu,EAST_ASIA
HGDP01179,C/C,Yi,EAST_ASIA
HGDP00124,C/T,Hazara,CENTRAL_SOUTH_ASIA
HGDP01034,C/C,BantuSouthAfrica,AFRICA
HGDP01414,C/C,BantuKenya,AFRICA
HGDP01308,C/C,Dai,EAST_ASIA
HGDP00090,C/T,Balochi,CENTRAL_SOUTH_ASIA
HGDP00195,C/T,Sindhi,CENTRAL_SOUTH_ASIA
HGDP01188,C/C,Yi,EAST_ASIA
HGDP01250,C/C,Xibo,EAST_ASIA
HGDP00474,C/C,Mbuti,AFRICA
HGDP01199,C/C,Mandenka,AFRICA
HGDP01018,C/C,Karitiana,AMERICA
HGDP00650,C/C,Bedouin,MIDDLE_EAST
HGDP00157,C/T,Makrani,CENTRAL_SOUTH_ASIA
HGDP00286,C/C,Kalash,CENTRAL_SOUTH_ASIA
HGDP01036,C/C,San,AFRICA
HGDP00526,T/T,French,EUROPE
HGDP00717,C/C,Cambodian,EAST_ASIA
HGDP00783,C/C,Han,EAST_ASIA
HGDP01401,C/C,Adygei,EUROPE
HGDP01365,C/C,Basque,EUROPE
HGDP00722,C/C,Palestinian,MIDDLE_EAST
HGDP00887,C/C,Russian,EUROPE
HGDP01335,C/C,She,EAST_ASIA
HGDP01306,C/C,Uygur,CENTRAL_SOUTH_ASIA
HGDP00982,C/C,Mbuti,AFRICA
HGDP00987,C/C,San,AFRICA
HGDP00951,C/C,Yakut,EAST_ASIA
HGDP00713,C/C,Cambodian,EAST_ASIA
HGDP00775,C/C,Han,EAST_ASIA
HGDP01172,T/T,BergamoItalian,EUROPE
HGDP00533,C/T,French,EUROPE
HGDP01163,C/T,Tuscan,EUROPE
HGDP01035,C/C,BantuSouthAfrica,AFRICA
HGDP01215,C/C,Daur,EAST_ASIA
HGDP00428,C/C,Burusho,CENTRAL_SOUTH_ASIA
HGDP00552,C/C,PapuanHighlands,OCEANIA
HGDP01350,C/C,Tu,EAST_ASIA
HGDP00855,C/C,Maya,AMERICA
HGDP01015,C/C,Karitiana,AMERICA
HGDP00852,C/C,Surui,AMERICA
HGDP01314,C/C,Dai,EAST_ASIA
HGDP00702,C/C,Colombian,AMERICA
HGDP00208,C/C,Sindhi,CENTRAL_SOUTH_ASIA
HGDP01095,C/C,Tujia,EAST_ASIA
HGDP01012,C/C,Karitiana,AMERICA
HGDP01223,C/T,Mongolian,EAST_ASIA
HGDP01228,C/C,Mongolian,EAST_ASIA
HGDP01168,C/C,Tuscan,EUROPE
HGDP00554,C/C,PapuanHighlands,OCEANIA
HGDP00125,C/C,Hazara,CENTRAL_SOUTH_ASIA
HGDP01028,C/C,BantuSouthAfrica,AFRICA
HGDP01297,C/C,Uygur,CENTRAL_SOUTH_ASIA
HGDP01191,C/C,Miao,EAST_ASIA
HGDP00328,C/C,Kalash,CENTRAL_SOUTH_ASIA
HGDP00019,C/C,Brahui,CENTRAL_SOUTH_ASIA
HGDP00461,C/C,Biaka,AFRICA
HGDP01312,C/C,Dai,EAST_ASIA
HGDP00915,C/C,Mandenka,AFRICA
HGDP00928,C/C,Yoruba,AFRICA
HGDP00530,C/C,French,EUROPE
HGDP00857,C/C,Maya,AMERICA
HGDP00457,C/C,Biaka,AFRICA
HGDP01355,C/C,Tu,EAST_ASIA
HGDP01211,C/C,Oroqen,EAST_ASIA
HGDP00798,T/T,Orcadian,EUROPE
HGDP01203,C/C,Oroqen,EAST_ASIA
HGDP00796,C/T,Orcadian,EUROPE