Ind,rs4988235,POP,SUPER_POP
HG00096,T/T,GBR,EUR
HG00097,T/T,GBR,EUR
HG00099,T/T,GBR,EUR
HG00100,C/T,GBR,EUR
HG00101,C/C,GBR,EUR
HG00102,T/T,GBR,EUR
HG00103,T/T,GBR,EUR
HG00105,T/T,GBR,EUR
HG00106,T/T,GBR,EUR
HG00107,C/C,GBR,EUR
HG00108,C/T,GBR,EUR
HG00109,T/T,GBR,EUR
HG00110,C/T,GBR,EUR
HG00111,T/T,GBR,EUR
HG00112,T/T,GBR,EUR
HG00113,T/T,GBR,EUR
HG00114,C/T,GBR,EUR
HG00115,C/T,GBR,EUR
HG00116,C/C,GBR,EUR
HG00117,T/T,GBR,EUR
HG00118,T/T,GBR,EUR
HG00119,T/T,GBR,EUR
HG00120,T/T,GBR,EUR
HG00121,T/T,GBR,EUR
HG00122,C/T,GBR,EUR
HG00123,C/T,GBR,EUR
HG00125,T/T,GBR,EUR
HG00126,T/T,GBR,EUR
HG00127,T/T,GBR,EUR
HG00128,T/T,GBR,EUR
HG00129,C/T,GBR,EUR
HG00130,C/C,GBR,EUR
HG00131,T/T,GBR,EUR
HG00132,T/T,GBR,EUR
HG00133,T/T,GBR,EUR
HG00136,C/T,GBR,EUR
HG00137,T/T,GBR,EUR
HG00138,C/T,GBR,EUR
HG00139,C/T,GBR,EUR
HG00140,T/T,GBR,EUR
HG00141,C/C,GBR,EUR
HG00142,C/T,GBR,EUR
HG00143,C/T,GBR,EUR
HG00145,C/T,GBR,EUR
HG00146,T/T,GBR,EUR
HG00148,C/T,GBR,EUR
HG00149,C/T,GBR,EUR
HG00150,C/T,GBR,EUR
HG00151,T/T,GBR,EUR
HG00154,T/T,GBR,EUR
HG00155,C/T,GBR,EUR
HG00157,C/T,GBR,EUR
HG00158,C/T,GBR,EUR
HG00159,C/T,GBR,EUR
HG00160,C/T,GBR,EUR
HG00171,T/T,FIN,EUR
HG00173,C/T,FIN,EUR
HG00174,C/T,FIN,EUR
HG00176,C/T,FIN,EUR
HG00177,C/T,FIN,EUR
HG00178,C/T,FIN,EUR
HG00179,C/T,FIN,EUR
HG00180,C/T,FIN,EUR
HG00181,C/T,FIN,EUR
HG00182,C/T,FIN,EUR
HG00183,C/T,FIN,EUR
HG00185,C/T,FIN,EUR
HG00186,C/C,FIN,EUR
HG00187,C/C,FIN,EUR
HG00188,C/T,FIN,EUR
HG00189,C/T,FIN,EUR
HG00190,C/C,FIN,EUR
HG00231,C/T,GBR,EUR
HG00232,T/T,GBR,EUR
HG00233,T/T,GBR,EUR
HG00234,T/T,GBR,EUR
HG00235,C/T,GBR,EUR
HG00236,T/T,GBR,EUR
HG00237,T/T,GBR,EUR
HG00238,T/T,GBR,EUR
HG00239,C/T,GBR,EUR
HG00240,T/T,GBR,EUR
HG00242,C/C,GBR,EUR
HG00243,T/T,GBR,EUR
HG00244,T/T,GBR,EUR
HG00245,C/T,GBR,EUR
HG00246,C/T,GBR,EUR
HG00250,T/T,GBR,EUR
HG00251,T/T,GBR,EUR
HG00252,T/T,GBR,EUR
HG00253,T/T,GBR,EUR
HG00254,T/T,GBR,EUR
HG00255,C/T,GBR,EUR
HG00256,C/T,GBR,EUR
HG00257,T/T,GBR,EUR
HG00258,C/T,GBR,EUR
HG00259,C/T,GBR,EUR
HG00260,T/T,GBR,EUR
HG00261,C/C,GBR,EUR
HG00262,C/T,GBR,EUR
HG00263,C/T,GBR,EUR
HG00264,T/T,GBR,EUR
HG00265,T/T,GBR,EUR
HG00266,C/T,FIN,EUR
HG00267,T/T,FIN,EUR
HG00268,C/T,FIN,EUR
HG00269,C/T,FIN,EUR
HG00271,C/T,FIN,EUR
HG00272,C/T,FIN,EUR
HG00273,C/C,FIN,EUR
HG00274,T/T,FIN,EUR
HG00275,C/T,FIN,EUR
HG00276,C/T,FIN,EUR
HG00277,T/T,FIN,EUR
HG00278,T/T,FIN,EUR
HG00280,C/T,FIN,EUR
HG00281,C/C,FIN,EUR
HG00282,T/T,FIN,EUR
HG00284,C/T,FIN,EUR
HG00285,T/T,FIN,EUR
HG00288,C/T,FIN,EUR
HG00290,T/T,FIN,EUR
HG00304,T/T,FIN,EUR
HG00306,T/T,FIN,EUR
HG00308,C/T,FIN,EUR
HG00309,T/T,FIN,EUR
HG00310,T/T,FIN,EUR
HG00311,C/T,FIN,EUR
HG00313,T/T,FIN,EUR
HG00315,C/C,FIN,EUR
HG00318,C/T,FIN,EUR
HG00319,T/T,FIN,EUR
HG00320,C/T,FIN,EUR
HG00321,T/T,FIN,EUR
HG00323,T/T,FIN,EUR
HG00324,C/T,FIN,EUR
HG00325,C/T,FIN,EUR
HG00326,T/T,FIN,EUR
HG00327,T/T,FIN,EUR
HG00328,C/T,FIN,EUR
HG00329,C/T,FIN,EUR
HG00330,C/T,FIN,EUR
HG00331,C/C,FIN,EUR
HG00332,C/C,FIN,EUR
HG00334,C/C,FIN,EUR
HG00335,T/T,FIN,EUR
HG00336,C/C,FIN,EUR
HG00337,C/T,FIN,EUR
HG00338,C/T,FIN,EUR
HG00339,C/T,FIN,EUR
HG00341,C/T,FIN,EUR
HG00342,T/T,FIN,EUR
HG00343,T/T,FIN,EUR
HG00344,T/T,FIN,EUR
HG00345,C/C,FIN,EUR
HG00346,C/T,FIN,EUR
HG00349,C/T,FIN,EUR
HG00350,C/T,FIN,EUR
HG00351,T/T,FIN,EUR
HG00353,T/T,FIN,EUR
HG00355,T/T,FIN,EUR
HG00356,C/T,FIN,EUR
HG00357,C/T,FIN,EUR
HG00358,C/T,FIN,EUR
HG00360,T/T,FIN,EUR
HG00361,T/T,FIN,EUR
HG00362,C/C,FIN,EUR
HG00364,C/T,FIN,EUR
HG00365,C/T,FIN,EUR
HG00366,T/T,FIN,EUR
HG00367,C/T,FIN,EUR
HG00368,C/T,FIN,EUR
HG00369,T/T,FIN,EUR
HG00371,T/T,FIN,EUR
HG00372,T/T,FIN,EUR
HG00373,C/T,FIN,EUR
HG00375,C/T,FIN,EUR
HG00376,C/T,FIN,EUR
HG00378,T/T,FIN,EUR
HG00379,C/C,FIN,EUR
HG00380,C/T,FIN,EUR
HG00381,C/T,FIN,EUR
HG00382,C/C,FIN,EUR
HG00383,C/T,FIN,EUR
HG00384,C/T,FIN,EUR
HG00403,C/C,CHS,EAS
HG00404,C/C,CHS,EAS
HG00405,C/C,CHS,EAS
HG00406,C/C,CHS,EAS
HG00407,C/C,CHS,EAS
HG00408,C/C,CHS,EAS
HG00409,C/C,CHS,EAS
HG00410,C/C,CHS,EAS
HG00418,C/C,CHS,EAS
HG00419,C/C,CHS,EAS
HG00420,C/C,CHS,EAS
HG00421,C/C,CHS,EAS
HG00422,C/C,CHS,EAS
HG00423,C/C,CHS,EAS
HG00427,C/C,CHS,EAS
HG00428,C/C,CHS,EAS
HG00429,C/C,CHS,EAS
HG00436,C/C,CHS,EAS
HG00437,C/C,CHS,EAS
HG00438,C/C,CHS,EAS
HG00442,C/C,CHS,EAS
HG00443,C/C,CHS,EAS
HG00444,C/C,CHS,EAS
HG00445,C/C,CHS,EAS
HG00446,C/C,CHS,EAS
HG00447,C/C,CHS,EAS
HG00448,C/C,CHS,EAS
HG00449,C/C,CHS,EAS
HG00450,C/C,CHS,EAS
HG00451,C/C,CHS,EAS
HG00452,C/C,CHS,EAS
HG00453,C/C,CHS,EAS
HG00457,C/C,CHS,EAS
HG00458,C/C,CHS,EAS
HG00459,C/C,CHS,EAS
HG00463,C/C,CHS,EAS
HG00464,C/C,CHS,EAS
HG00465,C/C,CHS,EAS
HG00472,C/C,CHS,EAS
HG00473,C/C,CHS,EAS
HG00474,C/C,CHS,EAS
HG00475,C/C,CHS,EAS
HG00476,C/C,CHS,EAS
HG00477,C/C,CHS,EAS
HG00478,C/C,CHS,EAS
HG00479,C/C,CHS,EAS
HG00480,C/C,CHS,EAS
HG00500,C/C,CHS,EAS
HG00501,C/C,CHS,EAS
HG00502,C/C,CHS,EAS
HG00512,C/C,CHS,EAS
HG00513,C/C,CHS,EAS
HG00514,C/C,CHS,EAS
HG00524,C/C,CHS,EAS
HG00525,C/C,CHS,EAS
HG00526,C/C,CHS,EAS
HG00530,C/C,CHS,EAS
HG00531,C/C,CHS,EAS
HG00532,C/C,CHS,EAS
HG00533,C/C,CHS,EAS
HG00534,C/C,CHS,EAS
HG00535,C/C,CHS,EAS
HG00536,C/C,CHS,EAS
HG00537,C/C,CHS,EAS
HG00538,C/C,CHS,EAS
HG00542,C/C,CHS,EAS
HG00543,C/C,CHS,EAS
HG00544,C/C,CHS,EAS
HG00551,C/C,PUR,AMR
HG00552,C/C,PUR,AMR
HG00553,C/C,PUR,AMR
HG00554,C/C,PUR,AMR
HG00555,C/C,PUR,AMR
HG00556,C/C,CHS,EAS
HG00557,C/C,CHS,EAS
HG00558,C/C,CHS,EAS
HG00559,C/C,CHS,EAS
HG00560,C/C,CHS,EAS
HG00561,C/C,CHS,EAS
HG00565,C/C,CHS,EAS
HG00566,C/C,CHS,EAS
HG00567,C/C,CHS,EAS
HG00577,C/C,CHS,EAS
HG00578,C/C,CHS,EAS
HG00579,C/C,CHS,EAS
HG00580,C/C,CHS,EAS
HG00581,C/C,CHS,EAS
HG00582,C/C,CHS,EAS
HG00583,C/C,CHS,EAS
HG00584,C/C,CHS,EAS
HG00585,C/C,CHS,EAS
HG00589,C/C,CHS,EAS
HG00590,C/C,CHS,EAS
HG00591,C/C,CHS,EAS
HG00592,C/C,CHS,EAS
HG00593,C/C,CHS,EAS
HG00594,C/C,CHS,EAS
HG00595,C/C,CHS,EAS
HG00596,C/C,CHS,EAS
HG00597,C/C,CHS,EAS
HG00598,C/C,CHS,EAS
HG00599,C/C,CHS,EAS
HG00607,C/C,CHS,EAS
HG00608,C/C,CHS,EAS
HG00609,C/C,CHS,EAS
HG00610,C/C,CHS,EAS
HG00611,C/C,CHS,EAS
HG00612,C/C,CHS,EAS
HG00613,C/C,CHS,EAS
HG00614,C/C,CHS,EAS
HG00615,C/C,CHS,EAS
HG00619,C/C,CHS,EAS
HG00620,C/C,CHS,EAS
HG00621,C/C,CHS,EAS
HG00622,C/C,CHS,EAS
HG00623,C/C,CHS,EAS
HG00625,C/C,CHS,EAS
HG00626,C/C,CHS,EAS
HG00627,C/C,CHS,EAS
HG00628,C/C,CHS,EAS
HG00629,C/C,CHS,EAS
HG00630,C/C,CHS,EAS
HG00631,C/C,CHS,EAS
HG00632,C/C,CHS,EAS
HG00634,C/C,CHS,EAS
HG00635,C/C,CHS,EAS
HG00636,C/C,CHS,EAS
HG00637,C/C,PUR,AMR
HG00638,C/C,PUR,AMR
HG00639,C/C,PUR,AMR
HG00640,C/C,PUR,AMR
HG00641,C/T,PUR,AMR
HG00642,C/T,PUR,AMR
HG00650,C/C,CHS,EAS
HG00651,C/C,CHS,EAS
HG00652,C/C,CHS,EAS
HG00653,C/C,CHS,EAS
HG00654,C/C,CHS,EAS
HG00655,C/C,CHS,EAS
HG00656,C/C,CHS,EAS
HG00657,C/C,CHS,EAS
HG00658,C/C,CHS,EAS
HG00662,C/C,CHS,EAS
HG00663,C/C,CHS,EAS
HG00664,C/C,CHS,EAS
HG00671,C/C,CHS,EAS
HG00672,C/C,CHS,EAS
HG00673,C/C,CHS,EAS
HG00674,C/C,CHS,EAS
HG00675,C/C,CHS,EAS
HG00683,C/C,CHS,EAS
HG00684,C/C,CHS,EAS
HG00685,C/C,CHS,EAS
HG00689,C/C,CHS,EAS
HG00690,C/C,CHS,EAS
HG00691,C/C,CHS,EAS
HG00692,C/C,CHS,EAS
HG00693,C/C,CHS,EAS
HG00694,C/C,CHS,EAS
HG00698,C/C,CHS,EAS
HG00699,C/C,CHS,EAS
HG00700,C/C,CHS,EAS
HG00701,C/C,CHS,EAS
HG00702,C/C,CHS,EAS
HG00703,C/C,CHS,EAS
HG00704,C/C,CHS,EAS
HG00705,C/C,CHS,EAS
HG00706,C/C,CHS,EAS
HG00707,C/C,CHS,EAS
HG00708,C/C,CHS,EAS
HG00709,C/C,CHS,EAS
HG00717,C/C,CHS,EAS
HG00728,C/C,CHS,EAS
HG00729,C/C,CHS,EAS
HG00731,C/C,PUR,AMR
HG00732,C/T,PUR,AMR
HG00733,C/C,PUR,AMR
HG00734,C/C,PUR,AMR
HG00735,C/C,PUR,AMR
HG00736,C/T,PUR,AMR
HG00737,C/T,PUR,AMR
HG00738,C/T,PUR,AMR
HG00739,T/T,PUR,AMR
HG00740,C/C,PUR,AMR
HG00741,C/T,PUR,AMR
HG00742,C/T,PUR,AMR
HG00743,C/C,PUR,AMR
HG00759,C/C,CDX,EAS
HG00766,C/C,CDX,EAS
HG00844,C/C,CDX,EAS
HG00851,C/C,CDX,EAS
HG00864,C/C,CDX,EAS
HG00867,C/C,CDX,EAS
HG00879,C/C,CDX,EAS
HG00881,C/C,CDX,EAS
HG00956,C/C,CDX,EAS
HG00978,C/C,CDX,EAS
HG00982,C/C,CDX,EAS
HG01028,C/C,CDX,EAS
HG01029,C/C,CDX,EAS
HG01031,C/C,CDX,EAS
HG01046,C/C,CDX,EAS
HG01047,C/C,PUR,AMR
HG01048,C/C,PUR,AMR
HG01049,T/T,PUR,AMR
HG01050,C/T,PUR,AMR
HG01051,C/T,PUR,AMR
HG01052,C/T,PUR,AMR
HG01053,C/C,PUR,AMR
HG01054,C/T,PUR,AMR
HG01055,C/C,PUR,AMR
HG01056,C/T,PUR,AMR
HG01058,C/C,PUR,AMR
HG01060,C/T,PUR,AMR
HG01061,C/C,PUR,AMR
HG01062,C/T,PUR,AMR
HG01063,C/C,PUR,AMR
HG01064,C/T,PUR,AMR
HG01066,C/T,PUR,AMR
HG01067,C/T,PUR,AMR
HG01068,T/T,PUR,AMR
HG01069,C/T,PUR,AMR
HG01070,C/T,PUR,AMR
HG01071,C/T,PUR,AMR
HG01072,C/C,PUR,AMR
HG01073,C/C,PUR,AMR
HG01074,C/C,PUR,AMR
HG01075,C/T,PUR,AMR
HG01077,C/C,PUR,AMR
HG01079,C/T,PUR,AMR
HG01080,C/C,PUR,AMR
HG01081,C/T,PUR,AMR
HG01082,C/C,PUR,AMR
HG01083,C/C,PUR,AMR
HG01084,C/C,PUR,AMR
HG01085,C/C,PUR,AMR
HG01086,C/T,PUR,AMR
HG01087,C/C,PUR,AMR
HG01088,C/C,PUR,AMR
HG01089,C/C,PUR,AMR
HG01092,C/T,PUR,AMR
HG01094,C/C,PUR,AMR
HG01095,C/C,PUR,AMR
HG01096,C/C,PUR,AMR
HG01097,C/T,PUR,AMR
HG01098,C/C,PUR,AMR
HG01099,C/T,PUR,AMR
HG01100,T/T,PUR,AMR
HG01101,C/T,PUR,AMR
HG01102,C/T,PUR,AMR
HG01103,T/T,PUR,AMR
HG01104,C/T,PUR,AMR
HG01105,C/T,PUR,AMR
HG01106,C/T,PUR,AMR
HG01107,C/T,PUR,AMR
HG01108,C/C,PUR,AMR
HG01109,C/T,PUR,AMR
HG01110,T/T,PUR,AMR
HG01111,C/C,PUR,AMR
HG01112,T/T,CLM,AMR
HG01113,C/C,CLM,AMR
HG01114,C/T,CLM,AMR
HG01119,C/C,CLM,AMR
HG01121,C/T,CLM,AMR
HG01122,C/C,CLM,AMR
HG01124,C/T,CLM,AMR
HG01125,C/C,CLM,AMR
HG01126,C/T,CLM,AMR
HG01130,C/C,CLM,AMR
HG01131,C/C,CLM,AMR
HG01133,C/C,CLM,AMR
HG01134,T/T,CLM,AMR
HG01135,C/T,CLM,AMR
HG01136,C/C,CLM,AMR
HG01137,C/C,CLM,AMR
HG01138,C/C,CLM,AMR
HG01139,T/T,CLM,AMR
HG01140,C/C,CLM,AMR
HG01141,C/T,CLM,AMR
HG01142,C/T,CLM,AMR
HG01148,C/C,CLM,AMR
HG01149,C/C,CLM,AMR
HG01150,C/C,CLM,AMR
HG01161,C/T,PUR,AMR
HG01162,C/T,PUR,AMR
HG01164,C/C,PUR,AMR
HG01167,C/T,PUR,AMR
HG01168,C/C,PUR,AMR
HG01169,C/C,PUR,AMR
HG01170,C/C,PUR,AMR
HG01171,C/T,PUR,AMR
HG01172,C/C,PUR,AMR
HG01173,C/C,PUR,AMR
HG01174,C/C,PUR,AMR
HG01175,C/C,PUR,AMR
HG01176,C/C,PUR,AMR
HG01177,C/C,PUR,AMR
HG01178,C/C,PUR,AMR
HG01182,C/T,PUR,AMR
HG01183,C/T,PUR,AMR
HG01184,T/T,PUR,AMR
HG01187,C/C,PUR,AMR
HG01188,C/C,PUR,AMR
HG01189,C/C,PUR,AMR
HG01190,C/C,PUR,AMR
HG01191,C/C,PUR,AMR
HG01192,C/C,PUR,AMR
HG01197,C/C,PUR,AMR
HG01198,C/C,PUR,AMR
HG01199,C/C,PUR,AMR
HG01200,C/T,PUR,AMR
HG01204,C/C,PUR,AMR
HG01205,C/C,PUR,AMR
HG01206,C/C,PUR,AMR
HG01241,C/C,PUR,AMR
HG01242,C/C,PUR,AMR
HG01243,C/C,PUR,AMR
HG01247,C/T,PUR,AMR
HG01248,C/T,PUR,AMR
HG01249,C/T,PUR,AMR
HG01250,C/C,CLM,AMR
HG01251,C/T,CLM,AMR
HG01252,C/T,CLM,AMR
HG01253,C/T,CLM,AMR
HG01254,C/C,CLM,AMR
HG01255,C/C,CLM,AMR
HG01256,C/T,CLM,AMR
HG01257,C/T,CLM,AMR
HG01258,T/T,CLM,AMR
HG01259,T/T,CLM,AMR
HG01260,C/C,CLM,AMR
HG01261,C/T,CLM,AMR
HG01269,C/C,CLM,AMR
HG01271,T/T,CLM,AMR
HG01272,C/C,CLM,AMR
HG01273,C/T,CLM,AMR
HG01274,T/T,CLM,AMR
HG01275,T/T,CLM,AMR
HG01276,T/T,CLM,AMR
HG01277,C/T,CLM,AMR
HG01278,C/T,CLM,AMR
HG01279,C/T,CLM,AMR
HG01280,C/C,CLM,AMR
HG01281,C/C,CLM,AMR
HG01284,C/T,CLM,AMR
HG01286,C/C,PUR,AMR
HG01302,C/C,PUR,AMR
HG01303,C/C,PUR,AMR
HG01305,C/C,PUR,AMR
HG01308,C/C,PUR,AMR
HG01311,C/C,PUR,AMR
HG01312,C/C,PUR,AMR
HG01323,C/T,PUR,AMR
HG01325,C/C,PUR,AMR
HG01326,C/C,PUR,AMR
HG01334,C/C,GBR,EUR
HG01341,C/C,CLM,AMR
HG01342,C/C,CLM,AMR
HG01343,C/C,CLM,AMR
HG01344,C/C,CLM,AMR
HG01345,C/T,CLM,AMR
HG01346,C/C,CLM,AMR
HG01347,T/T,CLM,AMR
HG01348,C/C,CLM,AMR
HG01349,C/T,CLM,AMR
HG01350,C/C,CLM,AMR
HG01351,C/T,CLM,AMR
HG01352,C/T,CLM,AMR
HG01353,C/C,CLM,AMR
HG01354,C/C,CLM,AMR
HG01355,C/C,CLM,AMR
HG01356,C/C,CLM,AMR
HG01357,C/C,CLM,AMR
HG01358,C/C,CLM,AMR
HG01359,T/T,CLM,AMR
HG01360,C/T,CLM,AMR
HG01361,T/T,CLM,AMR
HG01362,C/T,CLM,AMR
HG01363,C/C,CLM,AMR
HG01365,C/C,CLM,AMR
HG01366,C/T,CLM,AMR
HG01367,C/T,CLM,AMR
HG01369,C/C,CLM,AMR
HG01372,T/T,CLM,AMR
HG01374,C/C,CLM,AMR
HG01375,C/T,CLM,AMR
HG01376,C/C,CLM,AMR
HG01377,T/T,CLM,AMR
HG01378,C/C,CLM,AMR
HG01379,C/T,CLM,AMR
HG01383,C/T,CLM,AMR
HG01384,C/T,CLM,AMR
HG01385,C/T,CLM,AMR
HG01389,T/T,CLM,AMR
HG01390,C/C,CLM,AMR
HG01391,C/T,CLM,AMR
HG01392,C/C,PUR,AMR
HG01393,C/C,PUR,AMR
HG01395,C/C,PUR,AMR
HG01396,C/T,PUR,AMR
HG01398,C/C,PUR,AMR
HG01402,C/C,PUR,AMR
HG01403,C/C,PUR,AMR
HG01405,C/T,PUR,AMR
HG01412,C/T,PUR,AMR
HG01413,C/C,PUR,AMR
HG01414,C/C,PUR,AMR
HG01431,C/C,CLM,AMR
HG01432,C/C,CLM,AMR
HG01433,C/C,CLM,AMR
HG01435,C/T,CLM,AMR
HG01437,C/T,CLM,AMR
HG01438,C/C,CLM,AMR
HG01439,C/C,CLM,AMR
HG01440,C/T,CLM,AMR
HG01441,C/C,CLM,AMR
HG01443,C/T,CLM,AMR
HG01444,C/T,CLM,AMR
HG01447,T/T,CLM,AMR
HG01455,C/T,CLM,AMR
HG01456,C/T,CLM,AMR
HG01457,C/C,CLM,AMR
HG01459,C/C,CLM,AMR
HG01461,C/C,CLM,AMR
HG01462,C/C,CLM,AMR
HG01463,C/C,CLM,AMR
HG01464,C/C,CLM,AMR
HG01465,T/T,CLM,AMR
HG01466,C/T,CLM,AMR
HG01468,C/T,CLM,AMR
HG01474,T/T,CLM,AMR
HG01479,C/T,CLM,AMR
HG01485,C/C,CLM,AMR
HG01486,C/T,CLM,AMR
HG01488,C/T,CLM,AMR
HG01489,C/T,CLM,AMR
HG01490,C/C,CLM,AMR
HG01491,C/C,CLM,AMR
HG01492,C/C,CLM,AMR
HG01493,C/C,CLM,AMR
HG01494,C/C,CLM,AMR
HG01495,C/C,CLM,AMR
HG01496,C/C,CLM,AMR
HG01497,C/C,CLM,AMR
HG01498,C/T,CLM,AMR
HG01499,C/C,CLM,AMR
HG01500,C/T,IBS,EUR
HG01501,C/C,IBS,EUR
HG01502,C/C,IBS,EUR
HG01503,C/T,IBS,EUR
HG01504,C/T,IBS,EUR
HG01505,T/T,IBS,EUR
HG01506,T/T,IBS,EUR
HG01507,C/T,IBS,EUR
HG01508,T/T,IBS,EUR
HG01509,T/T,IBS,EUR
HG01510,C/C,IBS,EUR
HG01511,C/T,IBS,EUR
HG01512,C/C,IBS,EUR
HG01513,C/T,IBS,EUR
HG01514,C/T,IBS,EUR
HG01515,C/T,IBS,EUR
HG01516,T/T,IBS,EUR
HG01517,T/T,IBS,EUR
HG01518,T/T,IBS,EUR
HG01519,C/T,IBS,EUR
HG01520,T/T,IBS,EUR
HG01521,C/T,IBS,EUR
HG01522,C/T,IBS,EUR
HG01523,C/C,IBS,EUR
HG01524,C/C,IBS,EUR
HG01525,C/T,IBS,EUR
HG01526,C/C,IBS,EUR
HG01527,T/T,IBS,EUR
HG01528,C/C,IBS,EUR
HG01529,C/T,IBS,EUR
HG01530,C/T,IBS,EUR
HG01531,T/T,IBS,EUR
HG01532,C/T,IBS,EUR
HG01536,C/C,IBS,EUR
HG01537,C/C,IBS,EUR
HG01538,C/C,IBS,EUR
HG01550,C/T,CLM,AMR
HG01551,C/C,CLM,AMR
HG01552,C/T,CLM,AMR
HG01556,C/T,CLM,AMR
HG01565,C/C,PEL,AMR
HG01566,C/C,PEL,AMR
HG01567,C/C,PEL,AMR
HG01571,C/T,PEL,AMR
HG01572,C/C,PEL,AMR
HG01573,C/C,PEL,AMR
HG01577,C/C,PEL,AMR
HG01578,C/T,PEL,AMR
HG01579,C/C,PEL,AMR
HG01583,C/T,PJL,SAS
HG01586,C/C,PJL,SAS
HG01589,C/C,PJL,SAS
HG01593,T/T,PJL,SAS
HG01595,C/C,KHV,EAS
HG01596,C/C,KHV,EAS
HG01597,C/C,KHV,EAS
HG01598,C/C,KHV,EAS
HG01599,C/C,KHV,EAS
HG01600,C/C,KHV,EAS
HG01601,C/T,IBS,EUR
HG01602,C/T,IBS,EUR
HG01603,C/T,IBS,EUR
HG01604,C/C,IBS,EUR
HG01605,C/C,IBS,EUR
HG01606,C/C,IBS,EUR
HG01607,C/T,IBS,EUR
HG01608,C/T,IBS,EUR
HG01609,C/T,IBS,EUR
HG01610,C/T,IBS,EUR
HG01611,C/T,IBS,EUR
HG01612,T/T,IBS,EUR
HG01613,C/T,IBS,EUR
HG01614,C/C,IBS,EUR
HG01615,C/C,IBS,EUR
HG01616,T/T,IBS,EUR
HG01617,C/T,IBS,EUR
HG01618,T/T,IBS,EUR
HG01619,C/T,IBS,EUR
HG01620,C/C,IBS,EUR
HG01621,C/C,IBS,EUR
HG01622,C/T,IBS,EUR
HG01623,C/T,IBS,EUR
HG01624,C/T,IBS,EUR
HG01625,C/T,IBS,EUR
HG01626,C/T,IBS,EUR
HG01627,C/T,IBS,EUR
HG01628,C/C,IBS,EUR
HG01629,C/C,IBS,EUR
HG01630,C/T,IBS,EUR
HG01631,C/T,IBS,EUR
HG01632,C/C,IBS,EUR
HG01633,C/C,IBS,EUR
HG01667,T/T,IBS,EUR
HG01668,T/T,IBS,EUR
HG01669,C/T,IBS,EUR
HG01670,C/T,IBS,EUR
HG01671,C/C,IBS,EUR
HG01672,C/C,IBS,EUR
HG01673,T/T,IBS,EUR
HG01674,C/T,IBS,EUR
HG01675,C/C,IBS,EUR
HG01676,C/C,IBS,EUR
HG01677,C/T,IBS,EUR
HG01678,T/T,IBS,EUR
HG01679,C/T,IBS,EUR
HG01680,C/C,IBS,EUR
HG01681,C/T,IBS,EUR
HG01682,T/T,IBS,EUR
HG01683,T/T,IBS,EUR
HG01684,C/T,IBS,EUR
HG01685,C/T,IBS,EUR
HG01686,C/T,IBS,EUR
HG01687,C/T,IBS,EUR
HG01694,C/C,IBS,EUR
HG01695,C/C,IBS,EUR
HG01696,C/C,IBS,EUR
HG01697,T/T,IBS,EUR
HG01698,C/T,IBS,EUR
HG01699,C/C,IBS,EUR
HG01700,C/T,IBS,EUR
HG01701,C/T,IBS,EUR
HG01702,C/T,IBS,EUR
HG01703,C/T,IBS,EUR
HG01704,C/T,IBS,EUR
HG01705,C/T,IBS,EUR
HG01706,T/T,IBS,EUR
HG01707,T/T,IBS,EUR
HG01708,T/T,IBS,EUR
HG01709,C/C,IBS,EUR
HG01710,C/C,IBS,EUR
HG01711,C/C,IBS,EUR
HG01746,C/C,IBS,EUR
HG01747,T/T,IBS,EUR
HG01748,C/T,IBS,EUR
HG01755,C/T,IBS,EUR
HG01756,T/T,IBS,EUR
HG01757,C/C,IBS,EUR
HG01761,C/T,IBS,EUR
HG01762,C/T,IBS,EUR
HG01763,C/C,IBS,EUR
HG01765,C/C,IBS,EUR
HG01766,T/T,IBS,EUR
HG01767,C/C,IBS,EUR
HG01768,T/T,IBS,EUR
HG01770,C/T,IBS,EUR
HG01771,C/T,IBS,EUR
HG01772,C/T,IBS,EUR
HG01773,C/T,IBS,EUR
HG01774,T/T,IBS,EUR
HG01775,T/T,IBS,EUR
HG01776,C/C,IBS,EUR
HG01777,T/T,IBS,EUR
HG01778,C/T,IBS,EUR
HG01779,C/C,IBS,EUR
HG01780,C/T,IBS,EUR
HG01781,T/T,IBS,EUR
HG01782,C/T,IBS,EUR
HG01783,C/T,IBS,EUR
HG01784,C/T,IBS,EUR
HG01785,C/T,IBS,EUR
HG01786,C/C,IBS,EUR
HG01789,T/T,GBR,EUR
HG01790,C/C,GBR,EUR
HG01791,T/T,GBR,EUR
HG01794,C/C,CDX,EAS
HG01795,C/C,CDX,EAS
HG01796,C/C,CDX,EAS
HG01797,C/C,CDX,EAS
HG01798,C/C,CDX,EAS
HG01799,C/C,CDX,EAS
HG01800,C/C,CDX,EAS
HG01801,C/C,CDX,EAS
HG01802,C/C,CDX,EAS
HG01804,C/C,CDX,EAS
HG01805,C/C,CDX,EAS
HG01806,C/C,CDX,EAS
HG01807,C/C,CDX,EAS
HG01808,C/C,CDX,EAS
HG01809,C/C,CDX,EAS
HG01810,C/C,CDX,EAS
HG01811,C/C,CDX,EAS
HG01812,C/C,CDX,EAS
HG01813,C/C,CDX,EAS
HG01815,C/C,CDX,EAS
HG01816,C/C,CDX,EAS
HG01817,C/C,CDX,EAS
HG01840,C/C,KHV,EAS
HG01841,C/C,KHV,EAS
HG01842,C/C,KHV,EAS
HG01843,C/C,KHV,EAS
HG01844,C/C,KHV,EAS
HG01845,C/C,KHV,EAS
HG01846,C/C,KHV,EAS
HG01847,C/C,KHV,EAS
HG01848,C/C,KHV,EAS
HG01849,C/C,KHV,EAS
HG01850,C/C,KHV,EAS
HG01851,C/C,KHV,EAS
HG01852,C/C,KHV,EAS
HG01853,C/C,KHV,EAS
HG01855,C/C,KHV,EAS
HG01857,C/C,KHV,EAS
HG01858,C/C,KHV,EAS
HG01859,C/C,KHV,EAS
HG01860,C/C,KHV,EAS
HG01861,C/C,KHV,EAS
HG01862,C/C,KHV,EAS
HG01863,C/C,KHV,EAS
HG01864,C/C,KHV,EAS
HG01865,C/C,KHV,EAS
HG01866,C/C,KHV,EAS
HG01867,C/C,KHV,EAS
HG01868,C/C,KHV,EAS
HG01869,C/C,KHV,EAS
HG01870,C/C,KHV,EAS
HG01871,C/C,KHV,EAS
HG01872,C/C,KHV,EAS
HG01873,C/C,KHV,EAS
HG01874,C/C,KHV,EAS
HG01878,C/C,KHV,EAS
HG01879,C/C,ACB,AFR
HG01880,T/T,ACB,AFR
HG01881,C/T,ACB,AFR
HG01882,C/C,ACB,AFR
HG01883,C/C,ACB,AFR
HG01884,C/T,ACB,AFR
HG01885,C/T,ACB,AFR
HG01886,C/T,ACB,AFR
HG01887,C/C,ACB,AFR
HG01888,C/C,ACB,AFR
HG01889,C/C,ACB,AFR
HG01890,C/C,ACB,AFR
HG01891,C/C,ACB,AFR
HG01892,C/C,PEL,AMR
HG01893,C/T,PEL,AMR
HG01894,C/C,ACB,AFR
HG01895,C/C,ACB,AFR
HG01896,C/C,ACB,AFR
HG01897,C/C,ACB,AFR
HG01898,C/T,PEL,AMR
HG01912,C/C,ACB,AFR
HG01914,C/C,ACB,AFR
HG01915,C/C,ACB,AFR
HG01916,C/C,ACB,AFR
HG01917,C/T,PEL,AMR
HG01918,C/T,PEL,AMR
HG01919,C/T,PEL,AMR
HG01920,C/C,PEL,AMR
HG01921,C/C,PEL,AMR
HG01922,C/C,PEL,AMR
HG01923,C/C,PEL,AMR
HG01924,C/C,PEL,AMR
HG01925,C/C,PEL,AMR
HG01926,C/C,PEL,AMR
HG01927,C/C,PEL,AMR
HG01928,C/C,PEL,AMR
HG01932,C/C,PEL,AMR
HG01933,C/C,PEL,AMR
HG01934,C/C,PEL,AMR
HG01935,C/C,PEL,AMR
HG01936,C/C,PEL,AMR
HG01937,C/C,PEL,AMR
HG01938,C/C,PEL,AMR
HG01939,C/C,PEL,AMR
HG01940,C/C,PEL,AMR
HG01941,C/C,PEL,AMR
HG01942,C/C,PEL,AMR
HG01943,C/C,PEL,AMR
HG01944,C/C,PEL,AMR
HG01945,C/C,PEL,AMR
HG01946,C/C,PEL,AMR
HG01947,C/T,PEL,AMR
HG01948,C/C,PEL,AMR
HG01949,C/T,PEL,AMR
HG01950,C/C,PEL,AMR
HG01951,C/C,PEL,AMR
HG01952,C/C,PEL,AMR
HG01953,C/C,PEL,AMR
HG01954,C/C,PEL,AMR
HG01955,C/C,PEL,AMR
HG01956,C/C,ACB,AFR
HG01958,C/C,ACB,AFR
HG01959,C/C,ACB,AFR
HG01960,C/T,ACB,AFR
HG01961,C/C,PEL,AMR
HG01965,C/C,PEL,AMR
HG01967,C/C,PEL,AMR
HG01968,C/C,PEL,AMR
HG01969,C/C,PEL,AMR
HG01970,T/T,PEL,AMR
HG01971,C/C,PEL,AMR
HG01972,C/T,PEL,AMR
HG01973,C/T,PEL,AMR
HG01974,C/C,PEL,AMR
HG01975,C/T,PEL,AMR
HG01976,C/C,PEL,AMR
HG01977,C/C,PEL,AMR
HG01978,C/C,PEL,AMR
HG01979,C/C,PEL,AMR
HG01980,T/T,PEL,AMR
HG01981,C/T,PEL,AMR
HG01982,C/C,PEL,AMR
HG01983,C/C,PEL,AMR
HG01984,C/C,PEL,AMR
HG01985,C/C,ACB,AFR
HG01986,C/C,ACB,AFR
HG01987,C/C,ACB,AFR
HG01988,C/T,ACB,AFR
HG01989,C/C,ACB,AFR
HG01990,C/C,ACB,AFR
HG01991,C/C,PEL,AMR
HG01992,C/C,PEL,AMR
HG01993,C/C,PEL,AMR
HG01997,C/T,PEL,AMR
HG01998,C/T,PEL,AMR
HG02002,C/C,PEL,AMR
HG02003,C/T,PEL,AMR
HG02004,C/C,PEL,AMR
HG02006,C/C,PEL,AMR
HG02008,C/C,PEL,AMR
HG02009,C/C,ACB,AFR
HG02010,C/T,ACB,AFR
HG02011,C/C,ACB,AFR
HG02012,C/C,ACB,AFR
HG02013,C/C,ACB,AFR
HG02014,C/C,ACB,AFR
HG02015,C/C,KHV,EAS
HG02016,C/C,KHV,EAS
HG02017,C/C,KHV,EAS
HG02018,C/C,KHV,EAS
HG02019,C/C,KHV,EAS
HG02020,C/C,KHV,EAS
HG02023,C/C,KHV,EAS
HG02024,C/C,KHV,EAS
HG02025,C/C,KHV,EAS
HG02026,C/C,KHV,EAS
HG02027,C/C,KHV,EAS
HG02028,C/C,KHV,EAS
HG02029,C/C,KHV,EAS
HG02030,C/C,KHV,EAS
HG02031,C/C,KHV,EAS
HG02032,C/C,KHV,EAS
HG02035,C/C,KHV,EAS
HG02040,C/C,KHV,EAS
HG02047,C/C,KHV,EAS
HG02048,C/C,KHV,EAS
HG02049,C/C,KHV,EAS
HG02050,C/C,KHV,EAS
HG02051,C/C,ACB,AFR
HG02052,C/C,ACB,AFR
HG02053,C/C,ACB,AFR
HG02054,C/C,ACB,AFR
HG02055,C/C,ACB,AFR
HG02056,C/C,KHV,EAS
HG02057,C/C,KHV,EAS
HG02058,C/C,KHV,EAS
HG02059,C/C,KHV,EAS
HG02060,C/C,KHV,EAS
HG02061,C/C,KHV,EAS
HG02064,C/C,KHV,EAS
HG02067,C/C,KHV,EAS
HG02068,C/C,KHV,EAS
HG02069,C/C,KHV,EAS
HG02070,C/C,KHV,EAS
HG02071,C/C,KHV,EAS
HG02072,C/C,KHV,EAS
HG02073,C/C,KHV,EAS
HG02074,C/C,KHV,EAS
HG02075,C/C,KHV,EAS
HG02076,C/C,KHV,EAS
HG02077,C/C,KHV,EAS
HG02078,C/C,KHV,EAS
HG02079,C/C,KHV,EAS
HG02080,C/C,KHV,EAS
HG02081,C/C,KHV,EAS
HG02082,C/C,KHV,EAS
HG02083,C/C,KHV,EAS
HG02084,C/C,KHV,EAS
HG02085,C/C,KHV,EAS
HG02086,C/C,KHV,EAS
HG02087,C/C,KHV,EAS
HG02088,C/C,KHV,EAS
HG02089,C/T,PEL,AMR
HG02090,C/C,PEL,AMR
HG02091,C/C,PEL,AMR
HG02095,C/C,ACB,AFR
HG02102,C/C,PEL,AMR
HG02104,C/C,PEL,AMR
HG02105,C/C,PEL,AMR
HG02106,C/C,PEL,AMR
HG02107,C/C,ACB,AFR
HG02108,C/C,ACB,AFR
HG02111,C/C,ACB,AFR
HG02113,C/C,KHV,EAS
HG02116,C/C,KHV,EAS
HG02120,C/C,KHV,EAS
HG02121,C/C,KHV,EAS
HG02122,C/C,KHV,EAS
HG02126,C/C,KHV,EAS
HG02127,C/C,KHV,EAS
HG02128,C/C,KHV,EAS
HG02129,C/C,KHV,EAS
HG02130,C/C,KHV,EAS
HG02131,C/C,KHV,EAS
HG02132,C/C,KHV,EAS
HG02133,C/C,KHV,EAS
HG02134,C/C,KHV,EAS
HG02135,C/C,KHV,EAS
HG02136,C/C,KHV,EAS
HG02137,C/C,KHV,EAS
HG02138,C/C,KHV,EAS
HG02139,C/C,KHV,EAS
HG02140,C/C,KHV,EAS
HG02141,C/C,KHV,EAS
HG02142,C/C,KHV,EAS
HG02143,C/C,ACB,AFR
HG02144,C/C,ACB,AFR
HG02145,C/C,ACB,AFR
HG02146,C/C,PEL,AMR
HG02147,C/C,PEL,AMR
HG02148,C/C,PEL,AMR
HG02150,C/C,PEL,AMR
HG02151,C/C,CDX,EAS
HG02152,C/C,CDX,EAS
HG02153,C/C,CDX,EAS
HG02154,C/C,CDX,EAS
HG02155,C/C,CDX,EAS
HG02156,C/C,CDX,EAS
HG02164,C/C,CDX,EAS
HG02165,C/C,CDX,EAS
HG02166,C/C,CDX,EAS
HG02178,C/C,CDX,EAS
HG02179,C/C,CDX,EAS
HG02180,C/C,CDX,EAS
HG02181,C/C,CDX,EAS
HG02182,C/C,CDX,EAS
HG02184,C/C,CDX,EAS
HG02185,C/C,CDX,EAS
HG02186,C/C,CDX,EAS
HG02187,C/C,CDX,EAS
HG02188,C/C,CDX,EAS
HG02190,C/C,CDX,EAS
HG02215,T/T,GBR,EUR
HG02219,C/C,IBS,EUR
HG02220,C/C,IBS,EUR
HG02221,C/C,IBS,EUR
HG02222,C/C,IBS,EUR
HG02223,C/T,IBS,EUR
HG02224,C/T,IBS,EUR
HG02225,C/C,IBS,EUR
HG02229,T/T,IBS,EUR
HG02230,C/T,IBS,EUR
HG02231,T/T,IBS,EUR
HG02232,C/T,IBS,EUR
HG02233,C/C,IBS,EUR
HG02234,C/T,IBS,EUR
HG02235,T/T,IBS,EUR
HG02236,C/C,IBS,EUR
HG02237,C/T,IBS,EUR
HG02238,T/T,IBS,EUR
HG02239,C/T,IBS,EUR
HG02240,T/T,IBS,EUR
HG02250,C/C,CDX,EAS
HG02252,C/C,PEL,AMR
HG02253,C/T,PEL,AMR
HG02255,C/C,ACB,AFR
HG02256,C/C,ACB,AFR
HG02257,C/C,ACB,AFR
HG02258,C/C,ACB,AFR
HG02259,C/C,PEL,AMR
HG02260,C/C,PEL,AMR
HG02261,C/C,PEL,AMR
HG02262,C/C,PEL,AMR
HG02265,C/C,PEL,AMR
HG02266,C/C,PEL,AMR
HG02271,C/C,PEL,AMR
HG02272,C/C,PEL,AMR
HG02273,C/C,PEL,AMR
HG02274,C/C,PEL,AMR
HG02275,C/C,PEL,AMR
HG02277,C/C,PEL,AMR
HG02278,C/C,PEL,AMR
HG02279,C/C,PEL,AMR
HG02280,C/C,ACB,AFR
HG02281,C/C,ACB,AFR
HG02282,C/C,ACB,AFR
HG02283,C/C,ACB,AFR
HG02284,C/C,ACB,AFR
HG02285,C/C,PEL,AMR
HG02286,C/C,PEL,AMR
HG02287,C/C,PEL,AMR
HG02291,C/C,PEL,AMR
HG02292,C/T,PEL,AMR
HG02293,C/T,PEL,AMR
HG02298,C/C,PEL,AMR
HG02299,C/C,PEL,AMR
HG02300,C/C,PEL,AMR
HG02301,C/T,PEL,AMR
HG02302,C/C,PEL,AMR
HG02303,C/T,PEL,AMR
HG02304,C/C,PEL,AMR
HG02307,C/C,ACB,AFR
HG02308,C/C,ACB,AFR
HG02309,C/C,ACB,AFR
HG02312,C/C,PEL,AMR
HG02314,C/C,ACB,AFR
HG02315,C/C,ACB,AFR
HG02316,C/C,ACB,AFR
HG02317,C/C,ACB,AFR
HG02318,C/C,ACB,AFR
HG02321,C/C,ACB,AFR
HG02322,C/C,ACB,AFR
HG02323,C/C,ACB,AFR
HG02325,C/C,ACB,AFR
HG02330,C/C,ACB,AFR
HG02332,C/C,ACB,AFR
HG02334,C/C,ACB,AFR
HG02337,C/C,ACB,AFR
HG02339,C/C,ACB,AFR
HG02343,C/C,ACB,AFR
HG02345,C/T,PEL,AMR
HG02348,C/C,PEL,AMR
HG02351,C/C,CDX,EAS
HG02353,C/C,CDX,EAS
HG02355,C/C,CDX,EAS
HG02356,C/C,CDX,EAS
HG02360,C/C,CDX,EAS
HG02364,C/C,CDX,EAS
HG02367,C/C,CDX,EAS
HG02371,C/C,CDX,EAS
HG02373,C/C,CDX,EAS
HG02374,C/C,CDX,EAS
HG02375,C/C,CDX,EAS
HG02379,C/C,CDX,EAS
HG02380,C/C,CDX,EAS
HG02382,C/C,CDX,EAS
HG02383,C/C,CDX,EAS
HG02384,C/C,CDX,EAS
HG02385,C/C,CDX,EAS
HG02386,C/C,CDX,EAS
HG02389,C/C,CDX,EAS
HG02390,C/C,CDX,EAS
HG02391,C/C,CDX,EAS
HG02392,C/C,CDX,EAS
HG02394,C/C,CDX,EAS
HG02395,C/C,CDX,EAS
HG02396,C/C,CDX,EAS
HG02397,C/C,CDX,EAS
HG02398,C/C,CDX,EAS
HG02399,C/C,CDX,EAS
HG02401,C/C,CDX,EAS
HG02402,C/C,CDX,EAS
HG02406,C/C,CDX,EAS
HG02407,C/C,CDX,EAS
HG02408,C/C,CDX,EAS
HG02409,C/C,CDX,EAS
HG02410,C/C,CDX,EAS
HG02419,C/C,ACB,AFR
HG02420,C/T,ACB,AFR
HG02425,C/C,PEL,AMR
HG02427,C/C,ACB,AFR
HG02429,C/C,ACB,AFR
HG02433,C/C,ACB,AFR
HG02439,C/C,ACB,AFR
HG02442,C/C,ACB,AFR
HG02445,C/C,ACB,AFR
HG02449,C/T,ACB,AFR
HG02450,C/C,ACB,AFR
HG02451,C/C,ACB,AFR
HG02455,C/C,ACB,AFR
HG02461,C/C,GWD,AFR
HG02462,C/C,GWD,AFR
HG02463,C/C,GWD,AFR
HG02464,C/C,GWD,AFR
HG02465,C/C,GWD,AFR
HG02466,C/C,GWD,AFR
HG02470,C/C,ACB,AFR
HG02471,C/C,ACB,AFR
HG02476,C/T,ACB,AFR
HG02477,C/C,ACB,AFR
HG02479,C/C,ACB,AFR
HG02481,C/C,ACB,AFR
HG02484,C/C,ACB,AFR
HG02485,C/C,ACB,AFR
HG02489,C/C,ACB,AFR
HG02490,C/C,PJL,SAS
HG02491,C/C,PJL,SAS
HG02492,C/C,PJL,SAS
HG02493,C/T,PJL,SAS
HG02494,C/T,PJL,SAS
HG02495,C/C,PJL,SAS
HG02496,C/C,ACB,AFR
HG02497,C/C,ACB,AFR
HG02501,C/T,ACB,AFR
HG02502,C/C,ACB,AFR
HG02505,C/T,ACB,AFR
HG02508,C/C,ACB,AFR
HG02511,C/C,ACB,AFR
HG02512,C/C,KHV,EAS
HG02513,C/C,KHV,EAS
HG02514,C/C,KHV,EAS
HG02521,C/C,KHV,EAS
HG02522,C/C,KHV,EAS
HG02523,C/C,KHV,EAS
HG02524,C/C,KHV,EAS
HG02525,C/C,KHV,EAS
HG02526,C/C,KHV,EAS
HG02536,C/C,ACB,AFR
HG02537,C/T,ACB,AFR
HG02541,C/C,ACB,AFR
HG02545,C/C,ACB,AFR
HG02546,C/C,ACB,AFR
HG02549,C/C,ACB,AFR
HG02554,C/C,ACB,AFR
HG02555,C/C,ACB,AFR
HG02557,C/C,ACB,AFR
HG02558,C/C,ACB,AFR
HG02561,C/T,GWD,AFR
HG02562,C/C,GWD,AFR
HG02563,C/C,GWD,AFR
HG02568,C/C,GWD,AFR
HG02569,C/C,GWD,AFR
HG02570,C/C,GWD,AFR
HG02571,C/C,GWD,AFR
HG02572,C/C,GWD,AFR
HG02573,C/C,GWD,AFR
HG02574,C/C,GWD,AFR
HG02575,C/C,GWD,AFR
HG02577,C/T,ACB,AFR
HG02580,C/C,ACB,AFR
HG02582,C/C,GWD,AFR
HG02583,C/C,GWD,AFR
HG02584,C/C,GWD,AFR
HG02585,C/C,GWD,AFR
HG02586,C/C,GWD,AFR
HG02587,C/C,GWD,AFR
HG02588,C/C,GWD,AFR
HG02589,C/C,GWD,AFR
HG02590,C/C,GWD,AFR
HG02594,C/C,GWD,AFR
HG02595,C/C,GWD,AFR
HG02596,C/C,GWD,AFR
HG02597,C/T,PJL,SAS
HG02600,C/C,PJL,SAS
HG02601,C/C,PJL,SAS
HG02602,C/C,PJL,SAS
HG02603,C/T,PJL,SAS
HG02604,C/C,PJL,SAS
HG02605,C/C,PJL,SAS
HG02610,C/C,GWD,AFR
HG02611,C/C,GWD,AFR
HG02612,C/C,GWD,AFR
HG02613,C/C,GWD,AFR
HG02614,C/C,GWD,AFR
HG02615,C/C,GWD,AFR
HG02620,C/C,GWD,AFR
HG02621,C/C,GWD,AFR
HG02622,C/C,GWD,AFR
HG02623,C/C,GWD,AFR
HG02624,C/C,GWD,AFR
HG02625,C/C,GWD,AFR
HG02628,C/C,GWD,AFR
HG02629,C/C,GWD,AFR
HG02630,C/C,GWD,AFR
HG02634,C/C,GWD,AFR
HG02635,C/C,GWD,AFR
HG02636,C/C,GWD,AFR
HG02642,C/C,GWD,AFR
HG02643,C/C,GWD,AFR
HG02644,C/C,GWD,AFR
HG02645,C/C,GWD,AFR
HG02646,C/C,GWD,AFR
HG02647,C/C,GWD,AFR
HG02648,C/C,PJL,SAS
HG02649,C/T,PJL,SAS
HG02650,C/C,PJL,SAS
HG02651,C/C,PJL,SAS
HG02652,T/T,PJL,SAS
HG02653,C/T,PJL,SAS
HG02654,C/T,PJL,SAS
HG02655,T/T,PJL,SAS
HG02656,T/T,PJL,SAS
HG02657,C/C,PJL,SAS
HG02658,C/T,PJL,SAS
HG02659,C/C,PJL,SAS
HG02660,C/T,PJL,SAS
HG02661,C/C,PJL,SAS
HG02662,C/C,PJL,SAS
HG02666,C/C,GWD,AFR
HG02667,C/C,GWD,AFR
HG02668,C/C,GWD,AFR
HG02675,C/C,GWD,AFR
HG02676,C/C,GWD,AFR
HG02677,C/C,GWD,AFR
HG02678,C/C,GWD,AFR
HG02679,C/C,GWD,AFR
HG02680,C/C,GWD,AFR
HG02681,C/T,PJL,SAS
HG02682,C/T,PJL,SAS
HG02683,C/C,PJL,SAS
HG02684,C/C,PJL,SAS
HG02685,C/T,PJL,SAS
HG02686,C/T,PJL,SAS
HG02687,C/C,PJL,SAS
HG02688,C/C,PJL,SAS
HG02689,C/C,PJL,SAS
HG02690,C/T,PJL,SAS
HG02691,C/T,PJL,SAS
HG02692,T/T,PJL,SAS
HG02694,C/T,PJL,SAS
HG02696,C/T,PJL,SAS
HG02697,C/C,PJL,SAS
HG02698,C/T,PJL,SAS
HG02699,C/T,PJL,SAS
HG02700,C/T,PJL,SAS
HG02701,C/T,PJL,SAS
HG02702,C/C,GWD,AFR
HG02703,C/C,GWD,AFR
HG02704,C/C,GWD,AFR
HG02715,C/C,GWD,AFR
HG02716,C/C,GWD,AFR
HG02717,C/C,GWD,AFR
HG02721,C/C,GWD,AFR
HG02722,C/C,GWD,AFR
HG02723,C/C,GWD,AFR
HG02724,C/C,PJL,SAS
HG02725,C/C,PJL,SAS
HG02726,C/C,PJL,SAS
HG02727,C/T,PJL,SAS
HG02728,C/C,PJL,SAS
HG02729,C/C,PJL,SAS
HG02731,C/C,PJL,SAS
HG02733,C/C,PJL,SAS
HG02734,C/C,PJL,SAS
HG02735,C/C,PJL,SAS
HG02736,C/T,PJL,SAS
HG02737,T/T,PJL,SAS
HG02738,C/T,PJL,SAS
HG02756,C/C,GWD,AFR
HG02757,C/C,GWD,AFR
HG02759,C/C,GWD,AFR
HG02760,C/C,GWD,AFR
HG02761,C/C,GWD,AFR
HG02762,C/C,GWD,AFR
HG02763,C/C,GWD,AFR
HG02764,C/C,GWD,AFR
HG02768,C/C,GWD,AFR
HG02769,C/C,GWD,AFR
HG02770,C/C,GWD,AFR
HG02771,C/C,GWD,AFR
HG02772,C/C,GWD,AFR
HG02773,C/C,GWD,AFR
HG02774,C/C,PJL,SAS
HG02775,C/C,PJL,SAS
HG02776,C/C,PJL,SAS
HG02778,C/C,PJL,SAS
HG02780,C/T,PJL,SAS
HG02783,C/T,PJL,SAS
HG02784,C/C,PJL,SAS
HG02785,C/C,PJL,SAS
HG02786,C/C,PJL,SAS
HG02787,C/C,PJL,SAS
HG02788,C/C,PJL,SAS
HG02789,T/T,PJL,SAS
HG02790,C/C,PJL,SAS
HG02791,C/T,PJL,SAS
HG02792,T/T,PJL,SAS
HG02793,C/C,PJL,SAS
HG02794,C/T,PJL,SAS
HG02798,C/C,GWD,AFR
HG02799,C/C,GWD,AFR
HG02800,C/C,GWD,AFR
HG02804,C/C,GWD,AFR
HG02805,C/C,GWD,AFR
HG02806,C/C,GWD,AFR
HG02807,C/C,GWD,AFR
HG02808,C/C,GWD,AFR
HG02809,C/C,GWD,AFR
HG02810,C/C,GWD,AFR
HG02811,C/C,GWD,AFR
HG02812,C/C,GWD,AFR
HG02813,C/C,GWD,AFR
HG02814,C/C,GWD,AFR
HG02815,C/C,GWD,AFR
HG02816,C/C,GWD,AFR
HG02817,C/C,GWD,AFR
HG02818,C/C,GWD,AFR
HG02819,C/C,GWD,AFR
HG02820,C/C,GWD,AFR
HG02821,C/C,GWD,AFR
HG02836,C/C,GWD,AFR
HG02837,C/C,GWD,AFR
HG02838,C/C,GWD,AFR
HG02839,C/T,GWD,AFR
HG02840,C/C,GWD,AFR
HG02841,C/T,GWD,AFR
HG02851,C/C,GWD,AFR
HG02852,C/C,GWD,AFR
HG02853,C/C,GWD,AFR
HG02854,C/C,GWD,AFR
HG02855,C/C,GWD,AFR
HG02856,C/C,GWD,AFR
HG02860,C/C,GWD,AFR
HG02861,C/C,GWD,AFR
HG02862,C/C,GWD,AFR
HG02869,C/C,GWD,AFR
HG02870,C/C,GWD,AFR
HG02871,C/C,GWD,AFR
HG02878,C/C,GWD,AFR
HG02879,C/C,GWD,AFR
HG02880,C/C,GWD,AFR
HG02881,C/C,GWD,AFR
HG02882,C/C,GWD,AFR
HG02883,C/C,GWD,AFR
HG02884,C/C,GWD,AFR
HG02885,C/C,GWD,AFR
HG02886,C/C,GWD,AFR
HG02887,C/C,GWD,AFR
HG02888,C/C,GWD,AFR
HG02889,C/C,GWD,AFR
HG02890,C/C,GWD,AFR
HG02891,C/C,GWD,AFR
HG02892,C/C,GWD,AFR
HG02895,C/C,GWD,AFR
HG02896,C/C,GWD,AFR
HG02897,C/C,GWD,AFR
HG02922,C/C,ESN,AFR
HG02923,C/C,ESN,AFR
HG02924,C/C,ESN,AFR
HG02938,C/C,ESN,AFR
HG02941,C/C,ESN,AFR
HG02943,C/C,ESN,AFR
HG02944,C/C,ESN,AFR
HG02945,C/C,ESN,AFR
HG02946,C/C,ESN,AFR
HG02947,C/C,ESN,AFR
HG02948,C/C,ESN,AFR
HG02952,C/C,ESN,AFR
HG02953,C/C,ESN,AFR
HG02954,C/C,ESN,AFR
HG02964,C/C,ESN,AFR
HG02965,C/C,ESN,AFR
HG02966,C/C,ESN,AFR
HG02968,C/C,ESN,AFR
HG02970,C/C,ESN,AFR
HG02971,C/C,ESN,AFR
HG02972,C/C,ESN,AFR
HG02973,C/C,ESN,AFR
HG02974,C/C,ESN,AFR
HG02975,C/C,ESN,AFR
HG02976,C/C,ESN,AFR
HG02977,C/C,ESN,AFR
HG02978,C/C,ESN,AFR
HG02979,C/C,ESN,AFR
HG02980,C/C,ESN,AFR
HG02981,C/C,ESN,AFR
HG02982,C/C,GWD,AFR
HG02983,C/C,GWD,AFR
HG02984,C/C,GWD,AFR
HG03006,C/C,BEB,SAS
HG03007,C/C,BEB,SAS
HG03008,C/C,BEB,SAS
HG03009,C/C,BEB,SAS
HG03012,C/C,BEB,SAS
HG03015,C/C,PJL,SAS
HG03016,C/C,PJL,SAS
HG03017,C/C,PJL,SAS
HG03018,C/T,PJL,SAS
HG03019,T/T,PJL,SAS
HG03021,C/T,PJL,SAS
HG03022,C/T,PJL,SAS
HG03024,C/C,GWD,AFR
HG03025,C/C,GWD,AFR
HG03026,C/C,GWD,AFR
HG03027,C/C,GWD,AFR
HG03028,C/C,GWD,AFR
HG03029,C/C,GWD,AFR
HG03033,C/C,GWD,AFR
HG03034,C/C,GWD,AFR
HG03035,C/C,GWD,AFR
HG03039,C/C,GWD,AFR
HG03040,C/C,GWD,AFR
HG03041,C/C,GWD,AFR
HG03045,C/C,GWD,AFR
HG03046,C/C,GWD,AFR
HG03047,C/C,GWD,AFR
HG03048,C/C,GWD,AFR
HG03049,C/C,GWD,AFR
HG03050,C/C,GWD,AFR
HG03052,C/C,MSL,AFR
HG03054,C/C,MSL,AFR
HG03055,C/C,MSL,AFR
HG03056,C/C,MSL,AFR
HG03057,C/C,MSL,AFR
HG03058,C/C,MSL,AFR
HG03060,C/C,MSL,AFR
HG03061,C/C,MSL,AFR
HG03063,C/C,MSL,AFR
HG03064,C/C,MSL,AFR
HG03065,C/C,MSL,AFR
HG03066,C/C,MSL,AFR
HG03069,C/C,MSL,AFR
HG03072,C/C,MSL,AFR
HG03073,C/C,MSL,AFR
HG03074,C/C,MSL,AFR
HG03077,C/C,MSL,AFR
HG03078,C/C,MSL,AFR
HG03079,C/C,MSL,AFR
HG03081,C/C,MSL,AFR
HG03082,C/C,MSL,AFR
HG03084,C/C,MSL,AFR
HG03085,C/C,MSL,AFR
HG03086,C/C,MSL,AFR
HG03088,C/C,MSL,AFR
HG03091,C/C,MSL,AFR
HG03095,C/C,MSL,AFR
HG03096,C/C,MSL,AFR
HG03097,C/C,MSL,AFR
HG03098,C/C,MSL,AFR
HG03099,C/C,ESN,AFR
HG03100,C/C,ESN,AFR
HG03101,C/C,ESN,AFR
HG03103,C/C,ESN,AFR
HG03105,C/C,ESN,AFR
HG03108,C/C,ESN,AFR
HG03109,C/C,ESN,AFR
HG03110,C/C,ESN,AFR
HG03111,C/C,ESN,AFR
HG03112,C/C,ESN,AFR
HG03113,C/C,ESN,AFR
HG03114,C/C,ESN,AFR
HG03115,C/C,ESN,AFR
HG03116,C/C,ESN,AFR
HG03117,C/C,ESN,AFR
HG03118,C/C,ESN,AFR
HG03119,C/C,ESN,AFR
HG03120,C/C,ESN,AFR
HG03121,C/C,ESN,AFR
HG03122,C/C,ESN,AFR
HG03123,C/C,ESN,AFR
HG03124,C/C,ESN,AFR
HG03125,C/C,ESN,AFR
HG03126,C/C,ESN,AFR
HG03127,C/C,ESN,AFR
HG03128,C/C,ESN,AFR
HG03129,C/C,ESN,AFR
HG03130,C/C,ESN,AFR
HG03131,C/C,ESN,AFR
HG03132,C/C,ESN,AFR
HG03133,C/C,ESN,AFR
HG03134,C/C,ESN,AFR
HG03135,C/C,ESN,AFR
HG03136,C/C,ESN,AFR
HG03137,C/C,ESN,AFR
HG03139,C/C,ESN,AFR
HG03157,C/C,ESN,AFR
HG03159,C/C,ESN,AFR
HG03160,C/C,ESN,AFR
HG03161,C/C,ESN,AFR
HG03162,C/C,ESN,AFR
HG03163,C/C,ESN,AFR
HG03164,C/C,ESN,AFR
HG03166,C/C,ESN,AFR
HG03168,C/C,ESN,AFR
HG03169,C/C,ESN,AFR
HG03170,C/C,ESN,AFR
HG03172,C/C,ESN,AFR
HG03175,C/C,ESN,AFR
HG03189,C/C,ESN,AFR
HG03190,C/C,ESN,AFR
HG03191,C/C,ESN,AFR
HG03193,C/C,ESN,AFR
HG03195,C/C,ESN,AFR
HG03196,C/C,ESN,AFR
HG03197,C/C,ESN,AFR
HG03198,C/C,ESN,AFR
HG03199,C/C,ESN,AFR
HG03200,C/C,ESN,AFR
HG03202,C/C,ESN,AFR
HG03209,C/C,MSL,AFR
HG03212,C/C,MSL,AFR
HG03224,C/C,MSL,AFR
HG03225,C/C,MSL,AFR
HG03228,C/C,PJL,SAS
HG03229,C/C,PJL,SAS
HG03230,C/C,PJL,SAS
HG03234,C/C,PJL,SAS
HG03235,C/C,PJL,SAS
HG03236,C/C,PJL,SAS
HG03237,C/T,PJL,SAS
HG03238,C/C,PJL,SAS
HG03239,C/T,PJL,SAS
HG03240,C/C,GWD,AFR
HG03241,C/C,GWD,AFR
HG03242,C/C,GWD,AFR
HG03246,C/C,GWD,AFR
HG03247,C/C,GWD,AFR
HG03248,C/C,GWD,AFR
HG03249,C/C,GWD,AFR
HG03250,C/C,GWD,AFR
HG03251,C/C,GWD,AFR
HG03258,C/C,GWD,AFR
HG03259,C/C,GWD,AFR
HG03260,C/C,GWD,AFR
HG03265,C/C,ESN,AFR
HG03267,C/C,ESN,AFR
HG03268,C/C,ESN,AFR
HG03269,C/C,ESN,AFR
HG03270,C/C,ESN,AFR
HG03271,C/C,ESN,AFR
HG03272,C/C,ESN,AFR
HG03279,C/C,ESN,AFR
HG03280,C/C,ESN,AFR
HG03291,C/C,ESN,AFR
HG03294,C/C,ESN,AFR
HG03295,C/C,ESN,AFR
HG03296,C/C,ESN,AFR
HG03297,C/C,ESN,AFR
HG03298,C/C,ESN,AFR
HG03299,C/C,ESN,AFR
HG03300,C/C,ESN,AFR
HG03301,C/C,ESN,AFR
HG03302,C/C,ESN,AFR
HG03303,C/C,ESN,AFR
HG03304,C/C,ESN,AFR
HG03305,C/C,ESN,AFR
HG03306,C/C,ESN,AFR
HG03307,C/C,ESN,AFR
HG03308,C/C,ESN,AFR
HG03309,C/C,ESN,AFR
HG03310,C/C,ESN,AFR
HG03311,C/C,ESN,AFR
HG03312,C/C,ESN,AFR
HG03313,C/C,ESN,AFR
HG03314,C/C,ESN,AFR
HG03342,C/C,ESN,AFR
HG03343,C/C,ESN,AFR
HG03344,C/C,ESN,AFR
HG03350,C/C,ESN,AFR
HG03351,C/C,ESN,AFR
HG03352,C/C,ESN,AFR
HG03354,C/C,ESN,AFR
HG03363,C/C,ESN,AFR
HG03366,C/C,ESN,AFR
HG03367,C/C,ESN,AFR
HG03368,C/C,ESN,AFR
HG03369,C/C,ESN,AFR
HG03370,C/C,ESN,AFR
HG03371,C/C,ESN,AFR
HG03372,C/C,ESN,AFR
HG03373,C/C,ESN,AFR
HG03374,C/C,ESN,AFR
HG03376,C/C,MSL,AFR
HG03378,C/C,MSL,AFR
HG03380,C/C,MSL,AFR
HG03382,C/C,MSL,AFR
HG03385,C/C,MSL,AFR
HG03388,C/C,MSL,AFR
HG03391,C/C,MSL,AFR
HG03394,C/C,MSL,AFR
HG03397,C/C,MSL,AFR
HG03401,C/C,MSL,AFR
HG03410,C/C,MSL,AFR
HG03419,C/C,MSL,AFR
HG03428,C/C,MSL,AFR
HG03432,C/C,MSL,AFR
HG03433,C/C,MSL,AFR
HG03436,C/C,MSL,AFR
HG03437,C/C,MSL,AFR
HG03438,C/C,MSL,AFR
HG03439,C/C,MSL,AFR
HG03442,C/C,MSL,AFR
HG03445,C/C,MSL,AFR
HG03446,C/C,MSL,AFR
HG03449,C/C,MSL,AFR
HG03451,C/C,MSL,AFR
HG03452,C/C,MSL,AFR
HG03453,C/C,MSL,AFR
HG03454,C/C,MSL,AFR
HG03455,C/C,MSL,AFR
HG03456,C/C,MSL,AFR
HG03457,C/C,MSL,AFR
HG03458,C/C,MSL,AFR
HG03460,C/C,MSL,AFR
HG03461,C/C,MSL,AFR
HG03464,C/C,MSL,AFR
HG03469,C/C,MSL,AFR
HG03470,C/C,MSL,AFR
HG03472,C/C,MSL,AFR
HG03473,C/C,MSL,AFR
HG03476,C/C,MSL,AFR
HG03478,C/C,MSL,AFR
HG03479,C/C,MSL,AFR
HG03480,C/C,MSL,AFR
HG03484,C/C,MSL,AFR
HG03485,C/C,MSL,AFR
HG03486,C/C,MSL,AFR
HG03487,C/C,PJL,SAS
HG03488,C/T,PJL,SAS
HG03489,C/C,PJL,SAS
HG03490,C/C,PJL,SAS
HG03491,C/C,PJL,SAS
HG03492,C/C,PJL,SAS
HG03499,C/C,ESN,AFR
HG03511,C/C,ESN,AFR
HG03514,C/C,ESN,AFR
HG03515,C/C,ESN,AFR
HG03516,C/C,ESN,AFR
HG03517,C/C,ESN,AFR
HG03518,C/C,ESN,AFR
HG03519,C/C,ESN,AFR
HG03520,C/C,ESN,AFR
HG03521,C/C,ESN,AFR
HG03522,C/C,ESN,AFR
HG03538,C/C,GWD,AFR
HG03539,C/C,GWD,AFR
HG03540,C/C,GWD,AFR
HG03547,C/C,MSL,AFR
HG03548,C/C,MSL,AFR
HG03556,C/C,MSL,AFR
HG03557,C/C,MSL,AFR
HG03558,C/C,MSL,AFR
HG03559,C/C,MSL,AFR
HG03563,C/C,MSL,AFR
HG03565,C/C,MSL,AFR
HG03567,C/C,MSL,AFR
HG03571,C/C,MSL,AFR
HG03572,C/C,MSL,AFR
HG03574,C/C,MSL,AFR
HG03575,C/C,MSL,AFR
HG03576,C/C,MSL,AFR
HG03577,C/C,MSL,AFR
HG03578,C/C,MSL,AFR
HG03579,C/C,MSL,AFR
HG03582,C/C,MSL,AFR
HG03583,C/C,MSL,AFR
HG03584,C/C,MSL,AFR
HG03585,C/C,BEB,SAS
HG03589,C/C,BEB,SAS
HG03593,C/C,BEB,SAS
HG03594,C/C,BEB,SAS
HG03595,C/C,BEB,SAS
HG03596,C/C,BEB,SAS
HG03598,C/C,BEB,SAS
HG03600,C/C,BEB,SAS
HG03603,C/C,BEB,SAS
HG03604,C/C,BEB,SAS
HG03605,C/C,BEB,SAS
HG03606,C/C,BEB,SAS
HG03607,C/C,BEB,SAS
HG03611,C/C,BEB,SAS
HG03615,C/C,BEB,SAS
HG03616,C/C,BEB,SAS
HG03617,C/C,BEB,SAS
HG03618,C/T,PJL,SAS
HG03619,C/C,PJL,SAS
HG03620,C/T,PJL,SAS
HG03624,C/T,PJL,SAS
HG03625,C/C,PJL,SAS
HG03626,C/T,PJL,SAS
HG03629,C/C,PJL,SAS
HG03631,C/T,PJL,SAS
HG03633,C/C,PJL,SAS
HG03634,C/T,PJL,SAS
HG03635,C/C,PJL,SAS
HG03636,C/C,PJL,SAS
HG03639,C/T,PJL,SAS
HG03640,C/C,PJL,SAS
HG03641,C/C,PJL,SAS
HG03642,C/C,STU,SAS
HG03643,C/C,STU,SAS
HG03644,C/C,STU,SAS
HG03645,C/C,STU,SAS
HG03646,C/C,STU,SAS
HG03649,C/C,PJL,SAS
HG03650,C/C,PJL,SAS
HG03651,C/C,PJL,SAS
HG03652,C/C,PJL,SAS
HG03653,C/T,PJL,SAS
HG03654,C/C,PJL,SAS
HG03660,C/T,PJL,SAS
HG03663,C/T,PJL,SAS
HG03667,C/T,PJL,SAS
HG03668,C/T,PJL,SAS
HG03669,C/C,PJL,SAS
HG03672,C/C,STU,SAS
HG03673,C/C,STU,SAS
HG03679,C/C,STU,SAS
HG03680,C/T,STU,SAS
HG03681,C/C,STU,SAS
HG03682,C/C,STU,SAS
HG03683,C/C,STU,SAS
HG03684,C/C,STU,SAS
HG03685,C/C,STU,SAS
HG03686,C/C,STU,SAS
HG03687,C/C,STU,SAS
HG03688,C/C,STU,SAS
HG03689,C/C,STU,SAS
HG03690,C/C,STU,SAS
HG03691,C/T,STU,SAS
HG03692,C/C,STU,SAS
HG03693,C/C,STU,SAS
HG03694,C/C,STU,SAS
HG03695,C/C,STU,SAS
HG03696,C/C,STU,SAS
HG03697,C/C,STU,SAS
HG03698,C/C,STU,SAS
HG03699,C/C,PJL,SAS
HG03700,C/T,PJL,SAS
HG03701,C/T,PJL,SAS
HG03702,C/C,PJL,SAS
HG03703,C/C,PJL,SAS
HG03704,C/C,PJL,SAS
HG03705,C/C,PJL,SAS
HG03706,C/C,PJL,SAS
HG03707,C/C,PJL,SAS
HG03708,C/C,PJL,SAS
HG03709,C/C,PJL,SAS
HG03710,C/C,PJL,SAS
HG03711,C/C,STU,SAS
HG03713,C/C,ITU,SAS
HG03714,C/T,ITU,SAS
HG03716,C/C,ITU,SAS
HG03717,C/C,ITU,SAS
HG03718,C/C,ITU,SAS
HG03719,C/C,ITU,SAS
HG03720,C/C,ITU,SAS
HG03721,C/C,ITU,SAS
HG03722,C/C,ITU,SAS
HG03725,C/C,ITU,SAS
HG03727,C/C,ITU,SAS
HG03729,C/C,ITU,SAS
HG03730,C/C,ITU,SAS
HG03731,C/C,ITU,SAS
HG03732,C/C,ITU,SAS
HG03733,C/C,STU,SAS
HG03736,C/C,STU,SAS
HG03738,C/C,STU,SAS
HG03740,C/C,STU,SAS
HG03741,C/C,STU,SAS
HG03742,C/C,ITU,SAS
HG03743,C/C,STU,SAS
HG03744,C/C,STU,SAS
HG03745,C/C,STU,SAS
HG03746,C/T,STU,SAS
HG03750,C/C,STU,SAS
HG03752,C/C,STU,SAS
HG03753,C/C,STU,SAS
HG03754,C/C,STU,SAS
HG03755,C/C,STU,SAS
HG03756,C/C,STU,SAS
HG03757,C/C,STU,SAS
HG03760,C/C,STU,SAS
HG03761,C/T,PJL,SAS
HG03762,C/C,PJL,SAS
HG03763,C/C,PJL,SAS
HG03765,C/T,PJL,SAS
HG03767,C/C,PJL,SAS
HG03770,C/T,ITU,SAS
HG03771,C/C,ITU,SAS
HG03772,C/C,ITU,SAS
HG03773,C/C,ITU,SAS
HG03774,C/C,ITU,SAS
HG03775,C/C,ITU,SAS
HG03777,C/C,ITU,SAS
HG03778,C/C,ITU,SAS
HG03779,C/C,ITU,SAS
HG03780,C/C,ITU,SAS
HG03781,C/C,ITU,SAS
HG03782,C/C,ITU,SAS
HG03784,C/C,ITU,SAS
HG03785,C/C,ITU,SAS
HG03786,C/C,ITU,SAS
HG03787,C/C,ITU,SAS
HG03788,C/C,ITU,SAS
HG03789,C/C,ITU,SAS
HG03790,C/C,ITU,SAS
HG03792,C/C,ITU,SAS
HG03793,C/C,BEB,SAS
HG03794,C/C,BEB,SAS
HG03795,C/C,BEB,SAS
HG03796,C/C,BEB,SAS
HG03797,C/T,BEB,SAS
HG03798,C/C,BEB,SAS
HG03799,C/C,BEB,SAS
HG03800,C/C,BEB,SAS
HG03801,C/C,BEB,SAS
HG03802,C/C,BEB,SAS
HG03803,C/C,BEB,SAS
HG03804,C/C,BEB,SAS
HG03805,C/C,BEB,SAS
HG03806,C/C,BEB,SAS
HG03807,C/C,BEB,SAS
HG03808,C/C,BEB,SAS
HG03809,C/C,BEB,SAS
HG03812,C/C,BEB,SAS
HG03814,C/C,BEB,SAS
HG03815,C/C,BEB,SAS
HG03816,C/C,BEB,SAS
HG03817,C/T,BEB,SAS
HG03821,C/C,BEB,SAS
HG03823,C/C,BEB,SAS
HG03824,C/C,BEB,SAS
HG03825,C/C,BEB,SAS
HG03826,C/C,BEB,SAS
HG03829,C/C,BEB,SAS
HG03830,C/T,BEB,SAS
HG03831,C/C,BEB,SAS
HG03832,C/T,BEB,SAS
HG03833,C/C,BEB,SAS
HG03834,C/C,BEB,SAS
HG03836,C/C,STU,SAS
HG03837,C/C,STU,SAS
HG03838,C/C,STU,SAS
HG03844,C/C,STU,SAS
HG03846,C/C,STU,SAS
HG03848,C/C,STU,SAS
HG03849,C/C,STU,SAS
HG03850,C/C,STU,SAS
HG03851,C/C,STU,SAS
HG03854,C/C,STU,SAS
HG03856,C/C,STU,SAS
HG03857,C/C,STU,SAS
HG03858,C/C,STU,SAS
HG03861,C/C,ITU,SAS
HG03862,C/C,ITU,SAS
HG03863,C/C,ITU,SAS
HG03864,C/T,ITU,SAS
HG03866,C/C,ITU,SAS
HG03867,C/C,ITU,SAS
HG03868,C/C,ITU,SAS
HG03869,C/C,ITU,SAS
HG03870,C/C,ITU,SAS
HG03871,C/T,ITU,SAS
HG03872,C/T,ITU,SAS
HG03873,C/C,ITU,SAS
HG03874,C/C,ITU,SAS
HG03875,C/C,ITU,SAS
HG03882,C/C,ITU,SAS
HG03884,C/C,STU,SAS
HG03885,C/C,STU,SAS
HG03886,C/C,STU,SAS
HG03887,C/C,STU,SAS
HG03888,C/C,STU,SAS
HG03890,C/T,STU,SAS
HG03894,C/C,STU,SAS
HG03895,C/C,STU,SAS
HG03896,C/C,STU,SAS
HG03897,C/C,STU,SAS
HG03898,C/C,STU,SAS
HG03899,C/C,STU,SAS
HG03900,C/C,STU,SAS
HG03902,C/C,BEB,SAS
HG03904,C/T,BEB,SAS
HG03905,C/C,BEB,SAS
HG03906,C/C,BEB,SAS
HG03907,C/C,BEB,SAS
HG03908,C/C,BEB,SAS
HG03909,C/C,BEB,SAS
HG03910,C/C,BEB,SAS
HG03911,C/C,BEB,SAS
HG03913,C/T,BEB,SAS
HG03914,C/T,BEB,SAS
HG03915,C/T,BEB,SAS
HG03916,C/C,BEB,SAS
HG03917,C/C,BEB,SAS
HG03919,C/T,BEB,SAS
HG03920,C/C,BEB,SAS
HG03922,C/C,BEB,SAS
HG03925,C/C,BEB,SAS
HG03926,C/C,BEB,SAS
HG03927,C/C,BEB,SAS
HG03928,C/C,BEB,SAS
HG03929,C/C,BEB,SAS
HG03930,C/C,BEB,SAS
HG03931,C/C,BEB,SAS
HG03934,C/C,BEB,SAS
HG03937,C/C,BEB,SAS
HG03940,C/C,BEB,SAS
HG03941,C/C,BEB,SAS
HG03942,C/C,BEB,SAS
HG03943,C/C,STU,SAS
HG03944,C/C,STU,SAS
HG03945,C/T,STU,SAS
HG03947,C/C,STU,SAS
HG03949,C/C,STU,SAS
HG03950,C/C,STU,SAS
HG03951,C/C,STU,SAS
HG03953,C/C,STU,SAS
HG03955,C/C,STU,SAS
HG03960,C/C,ITU,SAS
HG03963,C/C,ITU,SAS
HG03965,C/T,ITU,SAS
HG03967,C/C,ITU,SAS
HG03968,C/C,ITU,SAS
HG03969,C/C,ITU,SAS
HG03971,C/C,ITU,SAS
HG03973,C/C,ITU,SAS
HG03974,C/T,ITU,SAS
HG03976,C/C,ITU,SAS
HG03977,C/C,ITU,SAS
HG03978,C/C,ITU,SAS
HG03985,C/C,STU,SAS
HG03986,C/C,STU,SAS
HG03989,C/C,STU,SAS
HG03990,C/C,STU,SAS
HG03991,C/C,STU,SAS
HG03992,C/C,STU,SAS
HG03995,C/C,STU,SAS
HG03998,C/C,STU,SAS
HG03999,C/T,STU,SAS
HG04001,C/C,ITU,SAS
HG04002,T/T,ITU,SAS
HG04003,C/T,STU,SAS
HG04006,C/T,STU,SAS
HG04014,C/C,ITU,SAS
HG04015,C/C,ITU,SAS
HG04017,C/C,ITU,SAS
HG04018,C/C,ITU,SAS
HG04019,C/C,ITU,SAS
HG04020,C/C,ITU,SAS
HG04022,C/C,ITU,SAS
HG04023,C/C,ITU,SAS
HG04025,C/C,ITU,SAS
HG04026,C/C,ITU,SAS
HG04029,C/C,STU,SAS
HG04033,C/C,STU,SAS
HG04035,C/C,STU,SAS
HG04036,C/C,STU,SAS
HG04038,C/C,STU,SAS
HG04039,C/C,STU,SAS
HG04042,C/C,STU,SAS
HG04047,C/C,STU,SAS
HG04054,C/C,ITU,SAS
HG04056,C/C,ITU,SAS
HG04059,C/C,ITU,SAS
HG04060,C/C,ITU,SAS
HG04061,C/C,ITU,SAS
HG04062,C/C,ITU,SAS
HG04063,C/C,ITU,SAS
HG04070,C/C,ITU,SAS
HG04075,C/C,STU,SAS
HG04076,C/C,ITU,SAS
HG04080,C/C,ITU,SAS
HG04090,C/C,ITU,SAS
HG04093,C/C,ITU,SAS
HG04094,C/C,ITU,SAS
HG04096,C/C,ITU,SAS
HG04098,C/T,ITU,SAS
HG04099,C/C,STU,SAS
HG04100,C/C,STU,SAS
HG04106,C/C,STU,SAS
HG04107,C/C,STU,SAS
HG04115,C/C,STU,SAS
HG04118,C/T,ITU,SAS
HG04122,C/C,STU,SAS
HG04127,C/C,STU,SAS
HG04131,C/T,BEB,SAS
HG04132,C/C,BEB,SAS
HG04133,C/C,BEB,SAS
HG04134,C/C,BEB,SAS
HG04135,C/C,BEB,SAS
HG04136,C/C,BEB,SAS
HG04140,C/C,BEB,SAS
HG04141,C/C,BEB,SAS
HG04142,C/C,BEB,SAS
HG04144,C/C,BEB,SAS
HG04146,C/C,BEB,SAS
HG04147,C/T,BEB,SAS
HG04148,C/T,BEB,SAS
HG04149,C/C,BEB,SAS
HG04150,C/C,BEB,SAS
HG04151,C/C,BEB,SAS
HG04152,C/C,BEB,SAS
HG04153,C/C,BEB,SAS
HG04155,C/C,BEB,SAS
HG04156,C/C,BEB,SAS
HG04157,C/C,BEB,SAS
HG04158,C/T,BEB,SAS
HG04159,C/C,BEB,SAS
HG04160,C/T,BEB,SAS
HG04161,C/C,BEB,SAS
HG04162,C/C,BEB,SAS
HG04164,C/C,BEB,SAS
HG04171,C/C,BEB,SAS
HG04173,C/C,BEB,SAS
HG04174,C/C,BEB,SAS
HG04175,C/C,BEB,SAS
HG04176,C/T,BEB,SAS
HG04177,C/C,BEB,SAS
HG04180,C/C,BEB,SAS
HG04182,C/C,BEB,SAS
HG04183,C/C,BEB,SAS
HG04184,C/C,BEB,SAS
HG04185,C/C,BEB,SAS
HG04186,C/C,BEB,SAS
HG04187,C/C,BEB,SAS
HG04188,C/C,BEB,SAS
HG04189,C/C,BEB,SAS
HG04191,C/C,BEB,SAS
HG04192,C/C,BEB,SAS
HG04193,C/C,BEB,SAS
HG04194,C/C,BEB,SAS
HG04195,C/C,BEB,SAS
HG04198,C/C,ITU,SAS
HG04199,C/C,STU,SAS
HG04200,C/C,ITU,SAS
HG04202,C/C,ITU,SAS
HG04204,C/C,STU,SAS
HG04206,C/C,ITU,SAS
HG04209,C/C,ITU,SAS
HG04210,C/C,STU,SAS
HG04211,C/C,ITU,SAS
HG04212,C/C,ITU,SAS
HG04214,C/C,ITU,SAS
HG04215,C/C,STU,SAS
HG04216,C/C,ITU,SAS
HG04217,C/C,ITU,SAS
HG04219,C/T,ITU,SAS
HG04222,C/C,ITU,SAS
HG04225,C/C,ITU,SAS
HG04227,C/C,STU,SAS
HG04228,C/C,STU,SAS
HG04229,C/C,STU,SAS
HG04235,C/C,ITU,SAS
HG04238,C/C,ITU,SAS
HG04239,C/C,ITU,SAS
NA06984,C/T,CEU,EUR
NA06985,C/T,CEU,EUR
NA06986,C/T,CEU,EUR
NA06989,T/T,CEU,EUR
NA06991,T/T,CEU,EUR
NA06993,T/T,CEU,EUR
NA06994,C/T,CEU,EUR
NA06995,C/T,CEU,EUR
NA06997,C/T,CEU,EUR
NA07000,T/T,CEU,EUR
NA07014,C/T,CEU,EUR
NA07019,T/T,CEU,EUR
NA07022,T/T,CEU,EUR
NA07029,T/T,CEU,EUR
NA07031,C/T,CEU,EUR
NA07034,T/T,CEU,EUR
NA07037,C/C,CEU,EUR
NA07045,T/T,CEU,EUR
NA07048,C/T,CEU,EUR
NA07051,T/T,CEU,EUR
NA07055,C/T,CEU,EUR
NA07056,T/T,CEU,EUR
NA07345,T/T,CEU,EUR
NA07346,T/T,CEU,EUR
NA07347,T/T,CEU,EUR
NA07348,T/T,CEU,EUR
NA07349,T/T,CEU,EUR
NA07357,T/T,CEU,EUR
NA07435,T/T,CEU,EUR
NA10830,T/T,CEU,EUR
NA10831,T/T,CEU,EUR
NA10835,T/T,CEU,EUR
NA10836,T/T,CEU,EUR
NA10837,C/T,CEU,EUR
NA10838,C/T,CEU,EUR
NA10839,T/T,CEU,EUR
NA10840,C/T,CEU,EUR
NA10842,C/T,CEU,EUR
NA10843,T/T,CEU,EUR
NA10845,C/T,CEU,EUR
NA10846,T/T,CEU,EUR
NA10847,C/T,CEU,EUR
NA10851,T/T,CEU,EUR
NA10852,C/T,CEU,EUR
NA10854,T/T,CEU,EUR
NA10855,T/T,CEU,EUR
NA10856,C/T,CEU,EUR
NA10857,T/T,CEU,EUR
NA10859,T/T,CEU,EUR
NA10860,C/T,CEU,EUR
NA10861,T/T,CEU,EUR
NA10863,C/T,CEU,EUR
NA10864,T/T,CEU,EUR
NA10865,T/T,CEU,EUR
NA11829,C/T,CEU,EUR
NA11830,T/T,CEU,EUR
NA11831,T/T,CEU,EUR
NA11832,T/T,CEU,EUR
NA11839,T/T,CEU,EUR
NA11840,T/T,CEU,EUR
NA11843,T/T,CEU,EUR
NA11881,T/T,CEU,EUR
NA11882,T/T,CEU,EUR
NA11891,T/T,CEU,EUR
NA11892,T/T,CEU,EUR
NA11893,T/T,CEU,EUR
NA11894,T/T,CEU,EUR
NA11917,C/C,CEU,EUR
NA11918,T/T,CEU,EUR
NA11919,T/T,CEU,EUR
NA11920,T/T,CEU,EUR
NA11930,C/T,CEU,EUR
NA11931,T/T,CEU,EUR
NA11932,C/T,CEU,EUR
NA11933,T/T,CEU,EUR
NA11992,C/T,CEU,EUR
NA11993,T/T,CEU,EUR
NA11994,C/T,CEU,EUR
NA11995,T/T,CEU,EUR
NA12003,C/T,CEU,EUR
NA12004,C/T,CEU,EUR
NA12005,T/T,CEU,EUR
NA12006,C/T,CEU,EUR
NA12043,T/T,CEU,EUR
NA12044,T/T,CEU,EUR
NA12045,C/C,CEU,EUR
NA12046,T/T,CEU,EUR
NA12056,T/T,CEU,EUR
NA12057,T/T,CEU,EUR
NA12058,T/T,CEU,EUR
NA12144,C/T,CEU,EUR
NA12145,C/T,CEU,EUR
NA12146,C/T,CEU,EUR
NA12154,C/T,CEU,EUR
NA12155,T/T,CEU,EUR
NA12156,T/T,CEU,EUR
NA12234,T/T,CEU,EUR
NA12236,T/T,CEU,EUR
NA12239,C/C,CEU,EUR
NA12248,C/T,CEU,EUR
NA12249,T/T,CEU,EUR
NA12264,C/C,CEU,EUR
NA12272,T/T,CEU,EUR
NA12273,C/C,CEU,EUR
NA12274,T/T,CEU,EUR
NA12275,C/T,CEU,EUR
NA12282,C/C,CEU,EUR
NA12283,T/T,CEU,EUR
NA12286,C/T,CEU,EUR
NA12287,C/T,CEU,EUR
NA12329,C/T,CEU,EUR
NA12335,C/T,CEU,EUR
NA12336,C/C,CEU,EUR
NA12340,C/T,CEU,EUR
NA12341,T/T,CEU,EUR
NA12342,C/T,CEU,EUR
NA12343,C/T,CEU,EUR
NA12344,T/T,CEU,EUR
NA12347,T/T,CEU,EUR
NA12348,T/T,CEU,EUR
NA12376,T/T,CEU,EUR
NA12383,C/T,CEU,EUR
NA12386,T/T,CEU,EUR
NA12399,T/T,CEU,EUR
NA12400,C/T,CEU,EUR
NA12413,T/T,CEU,EUR
NA12414,T/T,CEU,EUR
NA12485,T/T,CEU,EUR
NA12489,C/T,CEU,EUR
NA12546,C/T,CEU,EUR
NA12707,T/T,CEU,EUR
NA12716,C/T,CEU,EUR
NA12717,T/T,CEU,EUR
NA12718,C/C,CEU,EUR
NA12739,C/T,CEU,EUR
NA12740,C/C,CEU,EUR
NA12748,C/T,CEU,EUR
NA12749,T/T,CEU,EUR
NA12750,C/T,CEU,EUR
NA12751,C/T,CEU,EUR
NA12752,C/T,CEU,EUR
NA12753,C/T,CEU,EUR
NA12760,T/T,CEU,EUR
NA12761,C/T,CEU,EUR
NA12762,C/C,CEU,EUR
NA12763,T/T,CEU,EUR
NA12766,C/T,CEU,EUR
NA12767,T/T,CEU,EUR
NA12775,C/T,CEU,EUR
NA12776,T/T,CEU,EUR
NA12777,T/T,CEU,EUR
NA12778,T/T,CEU,EUR
NA12801,T/T,CEU,EUR
NA12802,T/T,CEU,EUR
NA12812,T/T,CEU,EUR
NA12813,T/T,CEU,EUR
NA12814,C/T,CEU,EUR
NA12815,T/T,CEU,EUR
NA12817,T/T,CEU,EUR
NA12818,C/T,CEU,EUR
NA12827,T/T,CEU,EUR
NA12828,T/T,CEU,EUR
NA12829,C/C,CEU,EUR
NA12830,T/T,CEU,EUR
NA12832,T/T,CEU,EUR
NA12842,T/T,CEU,EUR
NA12843,C/T,CEU,EUR
NA12864,C/C,CEU,EUR
NA12865,T/T,CEU,EUR
NA12872,C/T,CEU,EUR
NA12873,C/T,CEU,EUR
NA12874,C/T,CEU,EUR
NA12875,C/T,CEU,EUR
NA12877,C/T,CEU,EUR
NA12878,T/T,CEU,EUR
NA12889,C/T,CEU,EUR
NA12890,C/T,CEU,EUR
NA12891,T/T,CEU,EUR
NA12892,T/T,CEU,EUR
NA18484,C/C,YRI,AFR
NA18485,C/C,YRI,AFR
NA18486,C/C,YRI,AFR
NA18487,C/C,YRI,AFR
NA18488,C/C,YRI,AFR
NA18489,C/C,YRI,AFR
NA18497,C/C,YRI,AFR
NA18498,C/C,YRI,AFR
NA18499,C/C,YRI,AFR
NA18500,C/C,YRI,AFR
NA18501,C/C,YRI,AFR
NA18502,C/C,YRI,AFR
NA18503,C/C,YRI,AFR
NA18504,C/C,YRI,AFR
NA18505,C/C,YRI,AFR
NA18506,C/C,YRI,AFR
NA18507,C/C,YRI,AFR
NA18508,C/C,YRI,AFR
NA18510,C/C,YRI,AFR
NA18511,C/C,YRI,AFR
NA18515,C/C,YRI,AFR
NA18516,C/C,YRI,AFR
NA18517,C/C,YRI,AFR
NA18518,C/C,YRI,AFR
NA18519,C/C,YRI,AFR
NA18520,C/C,YRI,AFR
NA18521,C/C,YRI,AFR
NA18522,C/C,YRI,AFR
NA18523,C/C,YRI,AFR
NA18525,C/C,CHB,EAS
NA18526,C/C,CHB,EAS
NA18528,C/C,CHB,EAS
NA18530,C/C,CHB,EAS
NA18531,C/C,CHB,EAS
NA18532,C/C,CHB,EAS
NA18533,C/C,CHB,EAS
NA18534,C/C,CHB,EAS
NA18535,C/C,CHB,EAS
NA18536,C/C,CHB,EAS
NA18537,C/C,CHB,EAS
NA18538,C/C,CHB,EAS
NA18539,C/C,CHB,EAS
NA18541,C/C,CHB,EAS
NA18542,C/C,CHB,EAS
NA18543,C/C,CHB,EAS
NA18544,C/C,CHB,EAS
NA18545,C/C,CHB,EAS
NA18546,C/C,CHB,EAS
NA18547,C/C,CHB,EAS
NA18548,C/C,CHB,EAS
NA18549,C/C,CHB,EAS
NA18550,C/C,CHB,EAS
NA18552,C/C,CHB,EAS
NA18553,C/C,CHB,EAS
NA18555,C/C,CHB,EAS
NA18557,C/C,CHB,EAS
NA18558,C/C,CHB,EAS
NA18559,C/C,CHB,EAS
NA18560,C/C,CHB,EAS
NA18561,C/C,CHB,EAS
NA18562,C/C,CHB,EAS
NA18563,C/C,CHB,EAS
NA18564,C/C,CHB,EAS
NA18565,C/C,CHB,EAS
NA18566,C/C,CHB,EAS
NA18567,C/C,CHB,EAS
NA18570,C/C,CHB,EAS
NA18571,C/C,CHB,EAS
NA18572,C/C,CHB,EAS
NA18573,C/C,CHB,EAS
NA18574,C/C,CHB,EAS
NA18577,C/C,CHB,EAS
NA18579,C/C,CHB,EAS
NA18582,C/C,CHB,EAS
NA18591,C/C,CHB,EAS
NA18592,C/C,CHB,EAS
NA18593,C/C,CHB,EAS
NA18595,C/C,CHB,EAS
NA18596,C/C,CHB,EAS
NA18597,C/C,CHB,EAS
NA18599,C/C,CHB,EAS
NA18602,C/C,CHB,EAS
NA18603,C/C,CHB,EAS
NA18605,C/C,CHB,EAS
NA18606,C/C,CHB,EAS
NA18608,C/C,CHB,EAS
NA18609,C/C,CHB,EAS
NA18610,C/C,CHB,EAS
NA18611,C/C,CHB,EAS
NA18612,C/C,CHB,EAS
NA18613,C/C,CHB,EAS
NA18614,C/C,CHB,EAS
NA18615,C/C,CHB,EAS
NA18616,C/C,CHB,EAS
NA18617,C/C,CHB,EAS
NA18618,C/C,CHB,EAS
NA18619,C/C,CHB,EAS
NA18620,C/C,CHB,EAS
NA18621,C/C,CHB,EAS
NA18622,C/C,CHB,EAS
NA18623,C/C,CHB,EAS
NA18624,C/C,CHB,EAS
NA18625,C/C,CHB,EAS
NA18626,C/C,CHB,EAS
NA18627,C/C,CHB,EAS
NA18628,C/C,CHB,EAS
NA18629,C/C,CHB,EAS
NA18630,C/C,CHB,EAS
NA18631,C/C,CHB,EAS
NA18632,C/C,CHB,EAS
NA18633,C/C,CHB,EAS
NA18634,C/C,CHB,EAS
NA18635,C/C,CHB,EAS
NA18636,C/C,CHB,EAS
NA18637,C/C,CHB,EAS
NA18638,C/C,CHB,EAS
NA18639,C/C,CHB,EAS
NA18640,C/C,CHB,EAS
NA18641,C/C,CHB,EAS
NA18642,C/C,CHB,EAS
NA18643,C/C,CHB,EAS
NA18644,C/C,CHB,EAS
NA18645,C/C,CHB,EAS
NA18646,C/C,CHB,EAS
NA18647,C/C,CHB,EAS
NA18648,C/C,CHB,EAS
NA18740,C/C,CHB,EAS
NA18745,C/C,CHB,EAS
NA18747,C/C,CHB,EAS
NA18748,C/C,CHB,EAS
NA18749,C/C,CHB,EAS
NA18757,C/C,CHB,EAS
NA18852,C/C,YRI,AFR
NA18853,C/C,YRI,AFR
NA18854,C/C,YRI,AFR
NA18855,C/C,YRI,AFR
NA18856,C/C,YRI,AFR
NA18857,C/C,YRI,AFR
NA18858,C/C,YRI,AFR
NA18859,C/C,YRI,AFR
NA18860,C/C,YRI,AFR
NA18861,C/C,YRI,AFR
NA18862,C/C,YRI,AFR
NA18863,C/C,YRI,AFR
NA18864,C/C,YRI,AFR
NA18865,C/C,YRI,AFR
NA18867,C/C,YRI,AFR
NA18868,C/C,YRI,AFR
NA18869,C/C,YRI,AFR
NA18870,C/C,YRI,AFR
NA18871,C/C,YRI,AFR
NA18872,C/C,YRI,AFR
NA18873,C/C,YRI,AFR
NA18874,C/C,YRI,AFR
NA18875,C/C,YRI,AFR
NA18876,C/C,YRI,AFR
NA18877,C/C,YRI,AFR
NA18878,C/C,YRI,AFR
NA18879,C/C,YRI,AFR
NA18881,C/C,YRI,AFR
NA18906,C/C,YRI,AFR
NA18907,C/C,YRI,AFR
NA18908,C/C,YRI,AFR
NA18909,C/C,YRI,AFR
NA18910,C/C,YRI,AFR
NA18911,C/C,YRI,AFR
NA18912,C/C,YRI,AFR
NA18913,C/C,YRI,AFR
NA18914,C/C,YRI,AFR
NA18915,C/C,YRI,AFR
NA18916,C/C,YRI,AFR
NA18917,C/C,YRI,AFR
NA18923,C/C,YRI,AFR
NA18924,C/C,YRI,AFR
NA18925,C/C,YRI,AFR
NA18930,C/C,YRI,AFR
NA18933,C/C,YRI,AFR
NA18934,C/C,YRI,AFR
NA18935,C/C,YRI,AFR
NA18939,C/C,JPT,EAS
NA18940,C/C,JPT,EAS
NA18941,C/C,JPT,EAS
NA18942,C/C,JPT,EAS
NA18943,C/C,JPT,EAS
NA18944,C/C,JPT,EAS
NA18945,C/C,JPT,EAS
NA18946,C/C,JPT,EAS
NA18947,C/C,JPT,EAS
NA18948,C/C,JPT,EAS
NA18949,C/C,JPT,EAS
NA18950,C/C,JPT,EAS
NA18951,C/C,JPT,EAS
NA18952,C/C,JPT,EAS
NA18953,C/C,JPT,EAS
NA18954,C/C,JPT,EAS
NA18956,C/C,JPT,EAS
NA18957,C/C,JPT,EAS
NA18959,C/C,JPT,EAS
NA18960,C/C,JPT,EAS
NA18961,C/C,JPT,EAS
NA18962,C/C,JPT,EAS
NA18963,C/C,JPT,EAS
NA18964,C/C,JPT,EAS
NA18965,C/C,JPT,EAS
NA18966,C/C,JPT,EAS
NA18967,C/C,JPT,EAS
NA18968,C/C,JPT,EAS
NA18969,C/C,JPT,EAS
NA18970,C/C,JPT,EAS
NA18971,C/C,JPT,EAS
NA18972,C/C,JPT,EAS
NA18973,C/C,JPT,EAS
NA18974,C/C,JPT,EAS
NA18975,C/C,JPT,EAS
NA18976,C/C,JPT,EAS
NA18977,C/C,JPT,EAS
NA18978,C/C,JPT,EAS
NA18979,C/C,JPT,EAS
NA18980,C/C,JPT,EAS
NA18981,C/C,JPT,EAS
NA18982,C/C,JPT,EAS
NA18983,C/C,JPT,EAS
NA18984,C/C,JPT,EAS
NA18985,C/C,JPT,EAS
NA18986,C/C,JPT,EAS
NA18987,C/C,JPT,EAS
NA18988,C/C,JPT,EAS
NA18989,C/C,JPT,EAS
NA18990,C/C,JPT,EAS
NA18991,C/C,JPT,EAS
NA18992,C/C,JPT,EAS
NA18993,C/C,JPT,EAS
NA18994,C/C,JPT,EAS
NA18995,C/C,JPT,EAS
NA18997,C/C,JPT,EAS
NA18998,C/C,JPT,EAS
NA18999,C/C,JPT,EAS
NA19000,C/C,JPT,EAS
NA19001,C/C,JPT,EAS
NA19002,C/C,JPT,EAS
NA19003,C/C,JPT,EAS
NA19004,C/C,JPT,EAS
NA19005,C/C,JPT,EAS
NA19006,C/C,JPT,EAS
NA19007,C/C,JPT,EAS
NA19009,C/C,JPT,EAS
NA19010,C/C,JPT,EAS
NA19011,C/C,JPT,EAS
NA19012,C/C,JPT,EAS
NA19017,C/C,LWK,AFR
NA19019,C/C,LWK,AFR
NA19020,C/C,LWK,AFR
NA19023,C/C,LWK,AFR
NA19024,C/C,LWK,AFR
NA19025,C/C,LWK,AFR
NA19026,C/C,LWK,AFR
NA19027,C/C,LWK,AFR
NA19028,C/C,LWK,AFR
NA19030,C/C,LWK,AFR
NA19031,C/C,LWK,AFR
NA19035,C/C,LWK,AFR
NA19036,C/C,LWK,AFR
NA19037,C/C,LWK,AFR
NA19038,C/C,LWK,AFR
NA19041,C/C,LWK,AFR
NA19042,C/C,LWK,AFR
NA19043,C/C,LWK,AFR
NA19054,C/C,JPT,EAS
NA19055,C/C,JPT,EAS
NA19056,C/C,JPT,EAS
NA19057,C/C,JPT,EAS
NA19058,C/C,JPT,EAS
NA19059,C/C,JPT,EAS
NA19060,C/C,JPT,EAS
NA19062,C/C,JPT,EAS
NA19063,C/C,JPT,EAS
NA19064,C/C,JPT,EAS
NA19065,C/C,JPT,EAS
NA19066,C/C,JPT,EAS
NA19067,C/C,JPT,EAS
NA19068,C/C,JPT,EAS
NA19070,C/C,JPT,EAS
NA19072,C/C,JPT,EAS
NA19074,C/C,JPT,EAS
NA19075,C/C,JPT,EAS
NA19076,C/C,JPT,EAS
NA19077,C/C,JPT,EAS
NA19078,C/C,JPT,EAS
NA19079,C/C,JPT,EAS
NA19080,C/C,JPT,EAS
NA19081,C/C,JPT,EAS
NA19082,C/C,JPT,EAS
NA19083,C/C,JPT,EAS
NA19084,C/C,JPT,EAS
NA19085,C/C,JPT,EAS
NA19086,C/C,JPT,EAS
NA19087,C/C,JPT,EAS
NA19088,C/C,JPT,EAS
NA19089,C/C,JPT,EAS
NA19090,C/C,JPT,EAS
NA19091,C/C,JPT,EAS
NA19092,C/C,YRI,AFR
NA19093,C/C,YRI,AFR
NA19094,C/C,YRI,AFR
NA19095,C/C,YRI,AFR
NA19096,C/C,YRI,AFR
NA19097,C/C,YRI,AFR
NA19098,C/C,YRI,AFR
NA19099,C/C,YRI,AFR
NA19100,C/C,YRI,AFR
NA19101,C/C,YRI,AFR
NA19102,C/C,YRI,AFR
NA19103,C/C,YRI,AFR
NA19107,C/C,YRI,AFR
NA19108,C/C,YRI,AFR
NA19109,C/C,YRI,AFR
NA19113,C/C,YRI,AFR
NA19114,C/C,YRI,AFR
NA19115,C/C,YRI,AFR
NA19116,C/C,YRI,AFR
NA19117,C/C,YRI,AFR
NA19118,C/C,YRI,AFR
NA19119,C/C,YRI,AFR
NA19120,C/C,YRI,AFR
NA19121,C/C,YRI,AFR
NA19122,C/C,YRI,AFR
NA19123,C/C,YRI,AFR
NA19127,C/C,YRI,AFR
NA19128,C/C,YRI,AFR
NA19129,C/C,YRI,AFR
NA19130,C/C,YRI,AFR
NA19131,C/C,YRI,AFR
NA19132,C/C,YRI,AFR
NA19137,C/C,YRI,AFR
NA19138,C/C,YRI,AFR
NA19139,C/C,YRI,AFR
NA19140,C/C,YRI,AFR
NA19141,C/C,YRI,AFR
NA19142,C/C,YRI,AFR
NA19143,C/C,YRI,AFR
NA19144,C/C,YRI,AFR
NA19145,C/C,YRI,AFR
NA19146,C/C,YRI,AFR
NA19147,C/C,YRI,AFR
NA19148,C/C,YRI,AFR
NA19149,C/C,YRI,AFR
NA19150,C/C,YRI,AFR
NA19151,C/C,YRI,AFR
NA19152,C/C,YRI,AFR
NA19153,C/C,YRI,AFR
NA19154,C/C,YRI,AFR
NA19159,C/C,YRI,AFR
NA19160,C/C,YRI,AFR
NA19161,C/C,YRI,AFR
NA19171,C/C,YRI,AFR
NA19172,C/C,YRI,AFR
NA19173,C/C,YRI,AFR
NA19174,C/C,YRI,AFR
NA19175,C/C,YRI,AFR
NA19176,C/C,YRI,AFR
NA19177,C/C,YRI,AFR
NA19184,C/C,YRI,AFR
NA19185,C/C,YRI,AFR
NA19186,C/C,YRI,AFR
NA19189,C/C,YRI,AFR
NA19190,C/C,YRI,AFR
NA19191,C/C,YRI,AFR
NA19197,C/C,YRI,AFR
NA19198,C/C,YRI,AFR
NA19199,C/C,YRI,AFR
NA19200,C/C,YRI,AFR
NA19201,C/C,YRI,AFR
NA19202,C/C,YRI,AFR
NA19203,C/C,YRI,AFR
NA19204,C/C,YRI,AFR
NA19205,C/C,YRI,AFR
NA19206,C/C,YRI,AFR
NA19207,C/C,YRI,AFR
NA19208,C/C,YRI,AFR
NA19209,C/C,YRI,AFR
NA19210,C/C,YRI,AFR
NA19211,C/C,YRI,AFR
NA19213,C/C,YRI,AFR
NA19214,C/C,YRI,AFR
NA19215,C/C,YRI,AFR
NA19221,C/C,YRI,AFR
NA19222,C/C,YRI,AFR
NA19223,C/C,YRI,AFR
NA19224,C/C,YRI,AFR
NA19225,C/C,YRI,AFR
NA19226,C/C,YRI,AFR
NA19235,C/C,YRI,AFR
NA19236,C/C,YRI,AFR
NA19237,C/C,YRI,AFR
NA19238,C/C,YRI,AFR
NA19239,C/C,YRI,AFR
NA19240,C/C,YRI,AFR
NA19247,C/C,YRI,AFR
NA19248,C/C,YRI,AFR
NA19249,C/C,YRI,AFR
NA19256,C/C,YRI,AFR
NA19257,C/C,YRI,AFR
NA19258,C/C,YRI,AFR
NA19307,C/C,LWK,AFR
NA19308,C/C,LWK,AFR
NA19309,C/C,LWK,AFR
NA19310,C/C,LWK,AFR
NA19312,C/C,LWK,AFR
NA19314,C/C,LWK,AFR
NA19315,C/C,LWK,AFR
NA19316,C/C,LWK,AFR
NA19317,C/C,LWK,AFR
NA19318,C/C,LWK,AFR
NA19319,C/C,LWK,AFR
NA19320,C/C,LWK,AFR
NA19321,C/C,LWK,AFR
NA19323,C/C,LWK,AFR
NA19324,C/C,LWK,AFR
NA19327,C/C,LWK,AFR
NA19328,C/C,LWK,AFR
NA19331,C/C,LWK,AFR
NA19332,C/C,LWK,AFR
NA19334,C/C,LWK,AFR
NA19338,C/C,LWK,AFR
NA19346,C/C,LWK,AFR
NA19347,C/C,LWK,AFR
NA19350,C/C,LWK,AFR
NA19351,C/C,LWK,AFR
NA19355,C/C,LWK,AFR
NA19360,C/C,LWK,AFR
NA19372,C/C,LWK,AFR
NA19374,C/C,LWK,AFR
NA19375,C/C,LWK,AFR
NA19376,C/C,LWK,AFR
NA19377,C/C,LWK,AFR
NA19378,C/C,LWK,AFR
NA19379,C/C,LWK,AFR
NA19380,C/C,LWK,AFR
NA19383,C/C,LWK,AFR
NA19384,C/C,LWK,AFR
NA19385,C/C,LWK,AFR
NA19390,C/C,LWK,AFR
NA19391,C/C,LWK,AFR
NA19393,C/C,LWK,AFR
NA19394,C/C,LWK,AFR
NA19395,C/C,LWK,AFR
NA19397,C/C,LWK,AFR
NA19399,C/C,LWK,AFR
NA19401,C/C,LWK,AFR
NA19403,C/C,LWK,AFR
NA19404,C/C,LWK,AFR
NA19428,C/C,LWK,AFR
NA19429,C/C,LWK,AFR
NA19430,C/C,LWK,AFR
NA19431,C/C,LWK,AFR
NA19434,C/C,LWK,AFR
NA19435,C/C,LWK,AFR
NA19436,C/C,LWK,AFR
NA19437,C/C,LWK,AFR
NA19438,C/C,LWK,AFR
NA19439,C/C,LWK,AFR
NA19440,C/C,LWK,AFR
NA19443,C/C,LWK,AFR
NA19445,C/C,LWK,AFR
NA19446,C/C,LWK,AFR
NA19448,C/C,LWK,AFR
NA19449,C/C,LWK,AFR
NA19451,C/C,LWK,AFR
NA19452,C/C,LWK,AFR
NA19454,C/C,LWK,AFR
NA19455,C/C,LWK,AFR
NA19456,C/C,LWK,AFR
NA19457,C/C,LWK,AFR
NA19461,C/C,LWK,AFR
NA19462,C/C,LWK,AFR
NA19463,C/C,LWK,AFR
NA19466,C/C,LWK,AFR
NA19467,C/C,LWK,AFR
NA19468,C/C,LWK,AFR
NA19471,C/C,LWK,AFR
NA19472,C/C,LWK,AFR
NA19473,C/C,LWK,AFR
NA19474,C/C,LWK,AFR
NA19475,C/C,LWK,AFR
NA19625,C/C,ASW,AFR
NA19648,C/C,MXL,AMR
NA19649,C/T,MXL,AMR
NA19650,C/C,MXL,AMR
NA19651,C/T,MXL,AMR
NA19652,C/C,MXL,AMR
NA19653,C/T,MXL,AMR
NA19654,C/C,MXL,AMR
NA19655,C/C,MXL,AMR
NA19656,C/C,MXL,AMR
NA19657,C/C,MXL,AMR
NA19658,C/C,MXL,AMR
NA19659,C/C,MXL,AMR
NA19660,C/C,MXL,AMR
NA19661,C/T,MXL,AMR
NA19662,C/T,MXL,AMR
NA19663,C/T,MXL,AMR
NA19664,C/C,MXL,AMR
NA19665,C/T,MXL,AMR
NA19669,C/T,MXL,AMR
NA19670,C/C,MXL,AMR
NA19671,C/C,MXL,AMR
NA19675,T/T,MXL,AMR
NA19676,C/T,MXL,AMR
NA19677,T/T,MXL,AMR
NA19678,C/T,MXL,AMR
NA19679,C/T,MXL,AMR
NA19680,C/T,MXL,AMR
NA19681,C/T,MXL,AMR
NA19682,C/T,MXL,AMR
NA19683,C/C,MXL,AMR
NA19684,T/T,MXL,AMR
NA19685,C/C,MXL,AMR
NA19686,C/T,MXL,AMR
NA19700,C/T,ASW,AFR
NA19701,C/C,ASW,AFR
NA19702,C/C,ASW,AFR
NA19703,C/C,ASW,AFR
NA19704,C/C,ASW,AFR
NA19705,C/C,ASW,AFR
NA19707,C/C,ASW,AFR
NA19711,C/C,ASW,AFR
NA19712,C/T,ASW,AFR
NA19713,C/T,ASW,AFR
NA19716,C/C,MXL,AMR
NA19717,C/C,MXL,AMR
NA19718,C/C,MXL,AMR
NA19719,C/C,MXL,AMR
NA19720,C/C,MXL,AMR
NA19721,C/C,MXL,AMR
NA19722,C/C,MXL,AMR
NA19723,C/C,MXL,AMR
NA19724,C/C,MXL,AMR
NA19725,T/T,MXL,AMR
NA19726,C/C,MXL,AMR
NA19727,C/T,MXL,AMR
NA19728,C/C,MXL,AMR
NA19729,C/C,MXL,AMR
NA19730,C/C,MXL,AMR
NA19731,C/C,MXL,AMR
NA19732,C/C,MXL,AMR
NA19733,C/C,MXL,AMR
NA19734,C/C,MXL,AMR
NA19735,C/C,MXL,AMR
NA19740,C/C,MXL,AMR
NA19741,C/C,MXL,AMR
NA19746,C/T,MXL,AMR
NA19747,C/T,MXL,AMR
NA19748,C/T,MXL,AMR
NA19749,C/T,MXL,AMR
NA19750,C/T,MXL,AMR
NA19751,C/T,MXL,AMR
NA19752,C/C,MXL,AMR
NA19755,C/C,MXL,AMR
NA19756,C/C,MXL,AMR
NA19757,C/C,MXL,AMR
NA19758,C/C,MXL,AMR
NA19759,C/T,MXL,AMR
NA19760,C/C,MXL,AMR
NA19761,C/C,MXL,AMR
NA19762,C/T,MXL,AMR
NA19763,C/T,MXL,AMR
NA19764,C/T,MXL,AMR
NA19770,C/T,MXL,AMR
NA19771,C/T,MXL,AMR
NA19772,C/C,MXL,AMR
NA19773,C/C,MXL,AMR
NA19774,C/T,MXL,AMR
NA19775,C/T,MXL,AMR
NA19776,C/C,MXL,AMR
NA19777,T/T,MXL,AMR
NA19778,C/T,MXL,AMR
NA19779,C/C,MXL,AMR
NA19780,C/C,MXL,AMR
NA19781,C/C,MXL,AMR
NA19782,T/T,MXL,AMR
NA19783,C/C,MXL,AMR
NA19784,C/T,MXL,AMR
NA19785,C/C,MXL,AMR
NA19786,C/T,MXL,AMR
NA19787,C/C,MXL,AMR
NA19788,C/C,MXL,AMR
NA19789,C/C,MXL,AMR
NA19790,C/C,MXL,AMR
NA19792,C/T,MXL,AMR
NA19794,C/C,MXL,AMR
NA19795,C/T,MXL,AMR
NA19796,C/T,MXL,AMR
NA19818,T/T,ASW,AFR
NA19819,T/T,ASW,AFR
NA19828,T/T,ASW,AFR
NA19834,C/C,ASW,AFR
NA19835,C/C,ASW,AFR
NA19836,C/C,ASW,AFR
NA19900,C/T,ASW,AFR
NA19901,C/C,ASW,AFR
NA19902,C/C,ASW,AFR
NA19904,C/C,ASW,AFR
NA19908,C/C,ASW,AFR
NA19909,C/C,ASW,AFR
NA19913,C/C,ASW,AFR
NA19914,C/C,ASW,AFR
NA19916,C/C,ASW,AFR
NA19917,C/C,ASW,AFR
NA19918,C/C,ASW,AFR
NA19919,C/C,ASW,AFR
NA19920,C/C,ASW,AFR
NA19921,C/C,ASW,AFR
NA19922,C/C,ASW,AFR
NA19923,C/C,ASW,AFR
NA19924,C/C,ASW,AFR
NA19982,C/T,ASW,AFR
NA19983,T/T,ASW,AFR
NA19984,C/T,ASW,AFR
NA20126,C/C,ASW,AFR
NA20127,C/C,ASW,AFR
NA20128,C/C,ASW,AFR
NA20129,C/C,ASW,AFR
NA20274,C/C,ASW,AFR
NA20276,C/T,ASW,AFR
NA20278,C/C,ASW,AFR
NA20279,C/C,ASW,AFR
NA20281,C/C,ASW,AFR
NA20282,C/C,ASW,AFR
NA20287,C/C,ASW,AFR
NA20289,C/C,ASW,AFR
NA20291,C/C,ASW,AFR
NA20294,C/C,ASW,AFR
NA20296,C/C,ASW,AFR
NA20298,C/C,ASW,AFR
NA20299,C/T,ASW,AFR
NA20314,C/T,ASW,AFR
NA20317,T/T,ASW,AFR
NA20318,C/T,ASW,AFR
NA20320,C/C,ASW,AFR
NA20321,C/T,ASW,AFR
NA20332,C/C,ASW,AFR
NA20334,C/C,ASW,AFR
NA20339,C/C,ASW,AFR
NA20340,C/C,ASW,AFR
NA20342,C/C,ASW,AFR
NA20346,C/C,ASW,AFR
NA20348,C/C,ASW,AFR
NA20351,C/C,ASW,AFR
NA20355,C/T,ASW,AFR
NA20356,C/C,ASW,AFR
NA20357,C/C,ASW,AFR
NA20358,C/C,ASW,AFR
NA20359,C/T,ASW,AFR
NA20362,C/T,ASW,AFR
NA20412,C/T,ASW,AFR
NA20502,C/C,TSI,EUR
NA20503,C/C,TSI,EUR
NA20504,C/C,TSI,EUR
NA20505,C/T,TSI,EUR
NA20506,C/C,TSI,EUR
NA20507,C/C,TSI,EUR
NA20508,C/T,TSI,EUR
NA20509,C/T,TSI,EUR
NA20510,C/C,TSI,EUR
NA20511,C/T,TSI,EUR
NA20512,C/C,TSI,EUR
NA20513,C/T,TSI,EUR
NA20514,C/C,TSI,EUR
NA20515,C/C,TSI,EUR
NA20516,C/C,TSI,EUR
NA20517,C/C,TSI,EUR
NA20518,C/C,TSI,EUR
NA20519,C/T,TSI,EUR
NA20520,C/C,TSI,EUR
NA20521,C/T,TSI,EUR
NA20522,C/T,TSI,EUR
NA20524,C/C,TSI,EUR
NA20525,C/C,TSI,EUR
NA20527,C/C,TSI,EUR
NA20528,C/C,TSI,EUR
NA20529,C/C,TSI,EUR
NA20530,C/C,TSI,EUR
NA20531,C/C,TSI,EUR
NA20532,C/C,TSI,EUR
NA20533,C/C,TSI,EUR
NA20534,C/C,TSI,EUR
NA20535,C/T,TSI,EUR
NA20536,C/C,TSI,EUR
NA20538,C/C,TSI,EUR
NA20539,C/C,TSI,EUR
NA20540,C/T,TSI,EUR
NA20541,C/C,TSI,EUR
NA20542,C/C,TSI,EUR
NA20543,C/C,TSI,EUR
NA20544,C/C,TSI,EUR
NA20581,C/C,TSI,EUR
NA20582,T/T,TSI,EUR
NA20585,C/C,TSI,EUR
NA20586,C/C,TSI,EUR
NA20587,C/C,TSI,EUR
NA20588,C/T,TSI,EUR
NA20589,C/C,TSI,EUR
NA20752,C/T,TSI,EUR
NA20753,C/C,TSI,EUR
NA20754,C/C,TSI,EUR
NA20755,C/C,TSI,EUR
NA20756,C/C,TSI,EUR
NA20757,C/C,TSI,EUR
NA20758,C/C,TSI,EUR
NA20759,C/C,TSI,EUR
NA20760,C/C,TSI,EUR
NA20761,C/C,TSI,EUR
NA20762,C/C,TSI,EUR
NA20763,C/C,TSI,EUR
NA20764,C/C,TSI,EUR
NA20765,C/C,TSI,EUR
NA20766,C/T,TSI,EUR
NA20767,C/C,TSI,EUR
NA20768,C/C,TSI,EUR
NA20769,C/C,TSI,EUR
NA20770,C/C,TSI,EUR
NA20771,C/C,TSI,EUR
NA20772,C/C,TSI,EUR
NA20773,C/C,TSI,EUR
NA20774,C/C,TSI,EUR
NA20775,C/C,TSI,EUR
NA20778,C/C,TSI,EUR
NA20783,C/C,TSI,EUR
NA20785,C/C,TSI,EUR
NA20786,C/C,TSI,EUR
NA20787,C/C,TSI,EUR
NA20790,C/C,TSI,EUR
NA20792,T/T,TSI,EUR
NA20795,C/C,TSI,EUR
NA20796,C/C,TSI,EUR
NA20797,C/C,TSI,EUR
NA20798,C/C,TSI,EUR
NA20799,C/C,TSI,EUR
NA20800,C/C,TSI,EUR
NA20801,C/C,TSI,EUR
NA20802,C/C,TSI,EUR
NA20803,C/C,TSI,EUR
NA20804,C/C,TSI,EUR
NA20805,C/C,TSI,EUR
NA20806,C/C,TSI,EUR
NA20807,C/C,TSI,EUR
NA20808,C/C,TSI,EUR
NA20809,C/T,TSI,EUR
NA20810,C/C,TSI,EUR
NA20811,C/C,TSI,EUR
NA20812,C/C,TSI,EUR
NA20813,C/T,TSI,EUR
NA20814,C/C,TSI,EUR
NA20815,C/C,TSI,EUR
NA20818,C/C,TSI,EUR
NA20819,C/C,TSI,EUR
NA20821,C/C,TSI,EUR
NA20822,C/C,TSI,EUR
NA20826,C/C,TSI,EUR
NA20827,C/C,TSI,EUR
NA20828,C/C,TSI,EUR
NA20832,C/C,TSI,EUR
NA20845,C/T,GIH,SAS
NA20846,C/T,GIH,SAS
NA20847,C/T,GIH,SAS
NA20849,C/C,GIH,SAS
NA20850,C/C,GIH,SAS
NA20851,C/T,GIH,SAS
NA20852,C/C,GIH,SAS
NA20853,C/C,GIH,SAS
NA20854,C/C,GIH,SAS
NA20856,C/C,GIH,SAS
NA20858,C/C,GIH,SAS
NA20859,C/C,GIH,SAS
NA20861,C/C,GIH,SAS
NA20862,C/T,GIH,SAS
NA20863,C/C,GIH,SAS
NA20864,C/T,GIH,SAS
NA20866,C/C,GIH,SAS
NA20867,C/T,GIH,SAS
NA20868,C/C,GIH,SAS
NA20869,C/C,GIH,SAS
NA20870,C/C,GIH,SAS
NA20872,C/C,GIH,SAS
NA20874,C/C,GIH,SAS
NA20875,C/C,GIH,SAS
NA20876,C/T,GIH,SAS
NA20877,C/C,GIH,SAS
NA20878,C/C,GIH,SAS
NA20881,C/C,GIH,SAS
NA20882,C/C,GIH,SAS
NA20884,C/T,GIH,SAS
NA20885,C/C,GIH,SAS
NA20886,C/C,GIH,SAS
NA20887,C/C,GIH,SAS
NA20888,C/C,GIH,SAS
NA20889,C/C,GIH,SAS
NA20890,C/C,GIH,SAS
NA20891,C/T,GIH,SAS
NA20892,C/C,GIH,SAS
NA20894,C/C,GIH,SAS
NA20895,C/T,GIH,SAS
NA20896,C/C,GIH,SAS
NA20897,C/C,GIH,SAS
NA20899,C/C,GIH,SAS
NA20900,C/T,GIH,SAS
NA20901,C/C,GIH,SAS
NA20902,C/C,GIH,SAS
NA20903,C/C,GIH,SAS
NA20904,C/C,GIH,SAS
NA20905,C/T,GIH,SAS
NA20906,C/C,GIH,SAS
NA20908,C/C,GIH,SAS
NA20910,C/C,GIH,SAS
NA20911,C/T,GIH,SAS
NA21086,C/C,GIH,SAS
NA21087,C/C,GIH,SAS
NA21088,C/T,GIH,SAS
NA21089,C/C,GIH,SAS
NA21090,C/C,GIH,SAS
NA21091,C/C,GIH,SAS
NA21092,C/C,GIH,SAS
NA21093,C/T,GIH,SAS
NA21094,C/C,GIH,SAS
NA21095,C/T,GIH,SAS
NA21097,C/C,GIH,SAS
NA21098,C/C,GIH,SAS
NA21099,C/T,GIH,SAS
NA21100,C/C,GIH,SAS
NA21101,C/C,GIH,SAS
NA21102,C/T,GIH,SAS
NA21103,C/C,GIH,SAS
NA21104,C/C,GIH,SAS
NA21105,C/T,GIH,SAS
NA21106,C/C,GIH,SAS
NA21107,C/T,GIH,SAS
NA21108,C/T,GIH,SAS
NA21109,C/T,GIH,SAS
NA21110,C/C,GIH,SAS
NA21111,C/C,GIH,SAS
NA21112,C/C,GIH,SAS
NA21113,C/T,GIH,SAS
NA21114,C/C,GIH,SAS
NA21115,C/C,GIH,SAS
NA21116,C/C,GIH,SAS
NA21117,C/T,GIH,SAS
NA21118,C/C,GIH,SAS
NA21119,C/C,GIH,SAS
NA21120,C/C,GIH,SAS
NA21122,C/C,GIH,SAS
NA21123,C/C,GIH,SAS
NA21124,C/C,GIH,SAS
NA21125,T/T,GIH,SAS
NA21126,C/C,GIH,SAS
NA21127,C/C,GIH,SAS
NA21128,C/C,GIH,SAS
NA21129,C/C,GIH,SAS
NA21130,C/C,GIH,SAS
NA21133,C/C,GIH,SAS
NA21135,C/T,GIH,SAS
NA21137,C/C,GIH,SAS
NA21141,C/C,GIH,SAS
NA21142,C/C,GIH,SAS
NA21143,C/T,GIH,SAS
NA21144,C/C,GIH,SAS