"Individual","PRNP","POP"
"Papua_1","M/V","Fore_women_1950"
"Papua_2","M/V","Fore_women_1950"
"Papua_3","M/V","Fore_women_1950"
"Papua_4","M/V","Fore_women_1950"
"Papua_5","M/V","Fore_women_1950"
"Papua_6","M/V","Fore_women_1950"
"Papua_7","M/V","Fore_women_1950"
"Papua_8","V/V","Fore_women_1950"
"Papua_9","M/V","Fore_women_1950"
"Papua_10","M/V","Fore_women_1950"
"Papua_11","M/V","Fore_women_1950"
"Papua_12","V/V","Fore_women_1950"
"Papua_13","M/V","Fore_women_1950"
"Papua_14","M/V","Fore_women_1950"
"Papua_15","V/V","Fore_women_1950"
"Papua_16","M/V","Fore_women_1950"
"Papua_17","M/V","Fore_women_1950"
"Papua_18","M/M","Fore_women_1950"
"Papua_19","M/V","Fore_women_1950"
"Papua_20","V/V","Fore_women_1950"
"Papua_21","M/V","Fore_women_1950"
"Papua_22","M/V","Fore_women_1950"
"Papua_23","V/V","Fore_women_1950"
"Papua_24","M/V","Fore_women_1950"
"Papua_25","M/M","Fore_women_1950"
"Papua_26","M/V","Fore_women_1950"
"Papua_27","M/V","Fore_women_1950"
"Papua_28","M/V","Fore_women_1950"
"Papua_29","V/V","Fore_women_1950"
"Papua_30","M/V","Fore_women_1950"
"Papua_31","M/V","Fore_women_1950"
"Papua_32","V/V","Fore_women_1950"
"Papua_33","M/V","Fore_women_1950"
"Papua_34","M/V","Fore_women_1950"
"Papua_35","M/M","Fore_women_1950"
"Papua_36","M/V","Fore_women_1950"
"Papua_37","M/V","Fore_women_1950"
"Papua_38","M/M","Fore_women_1950"
"Papua_39","V/V","Fore_women_1950"
"Papua_40","M/V","Fore_women_1950"
"Papua_41","V/V","Fore_women_1950"
"Papua_42","M/V","Fore_women_1950"
"Papua_43","M/M","Fore_women_1950"
"Papua_44","M/V","Fore_women_1950"
"Papua_45","V/V","Fore_women_1950"
"Papua_46","V/V","Fore_women_1950"
"Papua_47","M/M","Fore_women_1950"
"Papua_48","M/V","Fore_women_1950"
"Papua_49","M/M","Fore_women_1950"
"Papua_50","M/V","Fore_women_1950"
"Papua_51","M/V","Fore_women_1950"
"Papua_52","M/V","Fore_women_1950"
"Papua_53","V/V","Fore_women_1950"
"Papua_54","M/M","Fore_women_1950"
"Papua_55","M/V","Fore_women_1950"
"Papua_56","V/V","Fore_women_1950"
"Papua_57","M/V","Fore_women_1950"
"Papua_58","M/V","Fore_women_1950"
"Papua_59","M/V","Fore_women_1950"
"Papua_60","M/M","Fore_women_1950"
"Papua_61","M/V","Fore_women_1950"
"Papua_62","M/V","Fore_women_1950"
"Papua_63","M/M","Fore_women_1950"
"Papua_64","V/V","Fore_women_1950"
"Papua_65","M/V","Fore_women_1950"
"Papua_66","M/V","Fore_women_1950"
"Papua_67","M/V","Fore_women_1950"
"Papua_68","M/V","Fore_women_1950"
"Papua_69","M/V","Fore_women_1950"
"Papua_70","M/V","Fore_women_1950"
"Papua_71","V/V","Fore_women_1950"
"Papua_72","M/V","Fore_women_1950"
"Papua_73","M/V","Fore_women_1950"
"Papua_74","M/V","Fore_women_1950"
"Papua_75","M/V","Fore_women_1950"
"Papua_76","M/V","Fore_women_1950"
"Papua_77","M/V","Fore_women_1950"
"Papua_78","V/V","Fore_women_1950"
"Papua_79","M/V","Fore_women_1950"
"Papua_80","M/V","Fore_women_1950"
"Papua_81","M/V","Fore_women_1950"
"Papua_82","M/V","Fore_women_1950"
"Papua_83","M/V","Fore_women_1950"
"Papua_84","M/V","Fore_women_1950"
"Papua_85","M/V","Fore_women_1950"
"Papua_86","V/V","Fore_women_1950"
"Papua_87","M/M","Fore_women_1950"
"Papua_88","M/V","Fore_women_1950"
"Papua_89","M/V","Fore_women_1950"
"Papua_90","M/V","Fore_women_1950"
"Papua_91","M/V","Fore_women_1950"
"Papua_92","M/V","Fore_women_1950"
"Papua_93","M/V","Fore_women_1950"
"Papua_94","V/V","Fore_women_1950"
"Papua_95","M/V","Fore_women_1950"
"Papua_96","M/V","Fore_women_1950"
"Papua_97","M/M","Fore_women_1950"
"Papua_98","M/V","Fore_women_1950"
"Papua_99","M/V","Fore_women_1950"
"Papua_100","M/V","Fore_women_1950"
"Papua_101","M/V","Fore_women_1950"
"Papua_102","M/V","Fore_women_1950"
"Papua_103","M/V","Fore_women_1950"
"Papua_104","M/M","Fore_women_1950"
"Papua_105","M/V","Fore_women_1950"
"Papua_106","M/M","Fore_women_1950"
"Papua_107","M/V","Fore_women_1950"
"Papua_108","V/V","Fore_women_1950"
"Papua_109","V/V","Fore_women_1950"
"Papua_110","M/V","Fore_women_1950"
"Papua_111","V/V","Fore_women_1950"
"Papua_112","M/V","Fore_women_1950"
"Papua_113","V/V","Fore_women_1950"
"Papua_114","M/V","Fore_women_1950"
"Papua_115","M/V","Fore_women_1950"
"Papua_116","V/V","Fore_women_1950"
"Papua_117","M/V","Fore_women_1950"
"Papua_118","M/V","Fore_women_1950"
"Papua_119","M/M","Fore_women_1950"
"Papua_120","M/V","Fore_women_1950"
"Papua_121","M/M","Fore_women_1950"
"Papua_122","M/V","Fore_women_1950"
"Papua_123","M/V","Fore_women_1950"
"Papua_124","M/V","Fore_women_1950"
"Papua_125","M/V","Fore_women_1950"
"Papua_330","M/V","Fore_men_1950"
"Papua_330","M/M","Fore_men_1950"
"Papua_330","V/V","Fore_men_1950"
"Papua_330","M/V","Fore_men_1950"
"Papua_330","M/M","Fore_men_1950"
"Papua_330","M/V","Fore_men_1950"
"Papua_330","M/V","Fore_men_1950"
"Papua_330","V/V","Fore_men_1950"
"Papua_330","M/V","Fore_men_1950"
"Papua_330","M/M","Fore_men_1950"
"Papua_330","M/M","Fore_men_1950"
"Papua_330","V/V","Fore_men_1950"
"Papua_330","V/V","Fore_men_1950"
"Papua_330","M/M","Fore_men_1950"
"Papua_330","M/V","Fore_men_1950"
"Papua_330","V/V","Fore_men_1950"
"Papua_330","M/V","Fore_men_1950"
"Papua_330","M/V","Fore_men_1950"
"Papua_330","M/V","Fore_men_1950"
"Papua_330","V/V","Fore_men_1950"
"Papua_330","M/V","Fore_men_1950"
"Papua_330","M/M","Fore_men_1950"
"Papua_330","M/V","Fore_men_1950"
"Papua_330","M/V","Fore_men_1950"
"Papua_330","M/V","Fore_men_1950"
"Papua_330","M/M","Fore_men_1950"
"Papua_330","V/V","Fore_men_1950"
"Papua_330","M/V","Fore_men_1950"
"Papua_330","V/V","Fore_men_1950"
"Papua_330","M/M","Fore_men_1950"
"Papua_330","V/V","Fore_men_1950"
"Papua_330","M/V","Fore_men_1950"
"Papua_330","M/M","Fore_men_1950"
"Papua_330","M/V","Fore_men_1950"
"Papua_330","M/V","Fore_men_1950"
"Papua_330","V/V","Fore_men_1950"
"Papua_330","V/V","Fore_men_1950"
"Papua_330","M/M","Fore_men_1950"
"Papua_330","M/V","Fore_men_1950"
"Papua_330","M/V","Fore_men_1950"
"Papua_330","V/V","Fore_men_1950"
"Papua_330","V/V","Fore_men_1950"
"Papua_330","M/V","Fore_men_1950"
"Papua_330","M/V","Fore_men_1950"
"Papua_330","M/V","Fore_men_1950"
"Papua_330","V/V","Fore_men_1950"
"Papua_330","M/V","Fore_men_1950"
"Papua_330","M/V","Fore_men_1950"
"Papua_330","M/M","Fore_men_1950"
"Papua_330","M/M","Fore_men_1950"
"Papua_330","M/V","Fore_men_1950"
"Papua_330","M/V","Fore_men_1950"
"Papua_330","M/V","Fore_men_1950"
"Papua_330","M/V","Fore_men_1950"
"Papua_330","M/M","Fore_men_1950"
"Papua_330","M/V","Fore_men_1950"
"Papua_330","V/V","Fore_men_1950"
"Papua_330","M/V","Fore_men_1950"
"Papua_330","M/V","Fore_men_1950"
"Papua_330","V/V","Fore_men_1950"
"Papua_330","M/V","Fore_men_1950"
"Papua_330","M/M","Fore_men_1950"
"Papua_330","V/V","Fore_men_1950"
"Papua_330","M/M","Fore_men_1950"
"Papua_330","M/V","Fore_men_1950"
"Papua_330","V/V","Fore_men_1950"
"Papua_330","M/M","Fore_men_1950"
"Papua_330","V/V","Fore_men_1950"
"Papua_330","V/V","Fore_men_1950"
"Papua_330","M/V","Fore_men_1950"
"Papua_330","V/V","Fore_men_1950"
"Papua_330","M/V","Fore_men_1950"
"Papua_330","V/V","Fore_men_1950"
"Papua_330","M/M","Fore_men_1950"
"Papua_330","M/V","Fore_men_1950"
"Papua_330","M/V","Fore_men_1950"
"Papua_330","M/V","Fore_men_1950"
"Papua_330","V/V","Fore_men_1950"
"Papua_330","M/V","Fore_men_1950"
"Papua_330","M/V","Fore_men_1950"
"Papua_330","M/V","Fore_men_1950"
"Papua_330","V/V","Fore_men_1950"
"Papua_330","M/V","Fore_men_1950"
"Papua_330","M/V","Fore_men_1950"
"Papua_330","V/V","Fore_men_1950"
"Papua_330","M/V","Fore_men_1950"
"Papua_330","V/V","Fore_men_1950"
"Papua_330","V/V","Fore_men_1950"
"Papua_330","M/V","Fore_men_1950"
"Papua_330","V/V","Fore_men_1950"
"Papua_330","M/V","Fore_men_1950"
"Papua_330","M/M","Fore_men_1950"
"Papua_330","M/M","Fore_men_1950"
"Papua_330","M/V","Fore_men_1950"
"Papua_330","M/V","Fore_men_1950"
"Papua_330","V/V","Fore_men_1950"
"Papua_330","M/V","Fore_men_1950"
"Papua_330","M/V","Fore_men_1950"
"Papua_330","M/V","Fore_men_1950"
"Papua_330","M/V","Fore_men_1950"
"Papua_330","V/V","Fore_men_1950"
"Papua_330","V/V","Fore_men_1950"
"Papua_330","M/V","Fore_men_1950"
"Papua_330","M/V","Fore_men_1950"
"Papua_330","V/V","Fore_men_1950"
"Papua_330","V/V","Fore_men_1950"
"Papua_330","M/V","Fore_men_1950"
"Papua_330","V/V","Fore_men_1950"
"Papua_330","V/V","Fore_men_1950"
"Papua_330","M/M","Fore_men_1950"
"Papua_330","M/V","Fore_men_1950"
"Papua_330","M/M","Fore_men_1950"
"Papua_330","M/V","Fore_men_1950"
"Papua_330","M/V","Fore_men_1950"
"Papua_330","M/V","Fore_men_1950"
"Papua_330","M/M","Fore_men_1950"
"Papua_330","M/V","Fore_men_1950"
"Papua_330","M/V","Fore_men_1950"
"Papua_330","M/V","Fore_men_1950"
"Papua_330","V/V","Fore_men_1950"
"Papua_330","V/V","Fore_men_1950"
"Papua_330","M/V","Fore_men_1950"
"Papua_330","V/V","Fore_men_1950"
"Papua_330","M/V","Fore_men_1950"
"Papua_330","V/V","Fore_men_1950"
"Papua_330","M/V","Fore_men_1950"
"Papua_330","M/M","Fore_men_1950"
"Papua_330","M/V","Fore_men_1950"
"Papua_330","M/M","Fore_men_1950"
"Papua_330","M/V","Fore_men_1950"
"Papua_330","V/V","Fore_men_1950"
"Papua_330","M/V","Fore_men_1950"
"Papua_330","M/V","Fore_men_1950"
"Papua_330","V/V","Fore_men_1950"
"Papua_330","V/V","Fore_men_1950"
"Papua_330","M/M","Fore_men_1950"
"Papua_330","M/V","Fore_men_1950"
"Papua_330","V/V","Fore_men_1950"
"Papua_330","M/M","Fore_men_1950"
"Papua_330","V/V","Fore_men_1950"
"Papua_330","M/V","Fore_men_1950"
"Papua_330","M/V","Fore_men_1950"
"Papua_330","M/V","Fore_men_1950"
"Papua_330","M/V","Fore_men_1950"
"Papua_330","M/V","Fore_men_1950"
"Papua_330","V/V","Fore_men_1950"
"Papua_330","M/V","Fore_men_1950"
"Papua_330","M/V","Fore_men_1950"
"Papua_330","V/V","Fore_men_1950"
"Papua_330","M/V","Fore_men_1950"
"Papua_330","M/V","Fore_men_1950"
"Papua_330","M/V","Fore_men_1950"
"Papua_330","V/V","Fore_men_1950"
"Papua_330","M/V","Fore_men_1950"
"Papua_330","M/M","Fore_men_1950"
"Papua_330","M/V","Fore_men_1950"
"Papua_330","M/M","Fore_men_1950"
"Papua_330","V/V","Fore_men_1950"
"Papua_330","M/V","Fore_men_1950"
"Papua_330","M/V","Fore_men_1950"
"Papua_330","V/V","Fore_men_1950"
"Papua_330","M/M","Fore_men_1950"
"Papua_330","V/V","Fore_men_1950"
"Papua_330","M/V","Fore_men_1950"
"Papua_330","M/V","Fore_men_1950"
"Papua_330","M/M","Fore_men_1950"
"Papua_330","M/V","Fore_men_1950"
"Papua_330","V/V","Fore_men_1950"
"Papua_330","M/V","Fore_men_1950"
"Papua_330","M/V","Fore_men_1950"
"Papua_330","M/V","Fore_men_1950"
"Papua_330","M/V","Fore_men_1950"
"Papua_330","M/V","Fore_men_1950"
"Papua_330","V/V","Fore_men_1950"
"Papua_330","M/V","Fore_men_1950"
"Papua_330","V/V","Fore_men_1950"
"Papua_330","V/V","Fore_men_1950"
"Papua_330","M/V","Fore_men_1950"
"Papua_330","V/V","Fore_men_1950"
"Papua_330","M/V","Fore_men_1950"
"Papua_330","M/V","Fore_men_1950"
"Papua_330","V/V","Fore_men_1950"
"Papua_330","M/V","Fore_men_1950"
"Papua_330","M/V","Fore_men_1950"
"Papua_330","M/M","Fore_men_1950"
"Papua_330","V/V","Fore_men_1950"
"Papua_330","M/V","Fore_men_1950"
"Papua_330","M/V","Fore_men_1950"
"Papua_330","M/V","Fore_men_1950"
"Papua_330","M/V","Fore_men_1950"
"Papua_330","M/V","Fore_men_1950"
"Papua_330","M/V","Fore_men_1950"
"Papua_330","M/V","Fore_men_1950"
"Papua_330","M/V","Fore_men_1950"
"Papua_330","V/V","Fore_men_1950"
"Papua_330","M/M","Fore_men_1950"
"Papua_330","M/V","Fore_men_1950"
"Papua_330","M/V","Fore_men_1950"
"Papua_330","M/V","Fore_men_1950"
"Papua_330","M/V","Fore_men_1950"
"Papua_330","M/M","Fore_men_1950"
"Papua_330","V/V","Fore_men_1950"
"Papua_330","M/M","Fore_men_1950"
"Papua_330","V/V","Fore_men_1950"
"Papua_330","M/V","Fore_men_1950"
"Papua_612","M/V","Fore_women_modern"
"Papua_612","M/V","Fore_women_modern"
"Papua_612","M/V","Fore_women_modern"
"Papua_612","V/V","Fore_women_modern"
"Papua_612","M/V","Fore_women_modern"
"Papua_612","V/V","Fore_women_modern"
"Papua_612","M/V","Fore_women_modern"
"Papua_612","M/V","Fore_women_modern"
"Papua_612","V/V","Fore_women_modern"
"Papua_612","M/V","Fore_women_modern"
"Papua_612","M/M","Fore_women_modern"
"Papua_612","M/V","Fore_women_modern"
"Papua_612","M/V","Fore_women_modern"
"Papua_612","V/V","Fore_women_modern"
"Papua_612","V/V","Fore_women_modern"
"Papua_612","M/V","Fore_women_modern"
"Papua_612","V/V","Fore_women_modern"
"Papua_612","M/V","Fore_women_modern"
"Papua_612","V/V","Fore_women_modern"
"Papua_612","V/V","Fore_women_modern"
"Papua_612","M/M","Fore_women_modern"
"Papua_612","V/V","Fore_women_modern"
"Papua_612","M/M","Fore_women_modern"
"Papua_612","M/M","Fore_women_modern"
"Papua_612","V/V","Fore_women_modern"
"Papua_612","V/V","Fore_women_modern"
"Papua_612","M/V","Fore_women_modern"
"Papua_612","M/V","Fore_women_modern"
"Papua_612","M/V","Fore_women_modern"
"Papua_612","M/V","Fore_women_modern"
"Papua_612","M/V","Fore_women_modern"
"Papua_612","M/V","Fore_women_modern"
"Papua_612","M/V","Fore_women_modern"
"Papua_612","M/V","Fore_women_modern"
"Papua_612","M/V","Fore_women_modern"
"Papua_612","M/V","Fore_women_modern"
"Papua_612","V/V","Fore_women_modern"
"Papua_612","M/V","Fore_women_modern"
"Papua_612","M/V","Fore_women_modern"
"Papua_612","M/V","Fore_women_modern"
"Papua_612","V/V","Fore_women_modern"
"Papua_612","M/V","Fore_women_modern"
"Papua_612","V/V","Fore_women_modern"
"Papua_612","M/V","Fore_women_modern"
"Papua_612","M/M","Fore_women_modern"
"Papua_612","M/V","Fore_women_modern"
"Papua_612","V/V","Fore_women_modern"
"Papua_612","M/M","Fore_women_modern"
"Papua_612","M/V","Fore_women_modern"
"Papua_612","V/V","Fore_women_modern"
"Papua_612","M/V","Fore_women_modern"
"Papua_612","M/V","Fore_women_modern"
"Papua_612","V/V","Fore_women_modern"
"Papua_612","M/V","Fore_women_modern"
"Papua_612","M/V","Fore_women_modern"
"Papua_612","V/V","Fore_women_modern"
"Papua_612","M/V","Fore_women_modern"
"Papua_612","V/V","Fore_women_modern"
"Papua_612","M/V","Fore_women_modern"
"Papua_612","V/V","Fore_women_modern"
"Papua_612","V/V","Fore_women_modern"
"Papua_612","V/V","Fore_women_modern"
"Papua_612","V/V","Fore_women_modern"
"Papua_612","V/V","Fore_women_modern"
"Papua_612","V/V","Fore_women_modern"
"Papua_612","M/V","Fore_women_modern"
"Papua_612","V/V","Fore_women_modern"
"Papua_612","M/V","Fore_women_modern"
"Papua_612","M/V","Fore_women_modern"
"Papua_612","M/V","Fore_women_modern"
"Papua_612","M/V","Fore_women_modern"
"Papua_612","V/V","Fore_women_modern"
"Papua_612","V/V","Fore_women_modern"
"Papua_612","M/V","Fore_women_modern"
"Papua_612","V/V","Fore_women_modern"
"Papua_612","M/V","Fore_women_modern"
"Papua_612","M/M","Fore_women_modern"
"Papua_612","M/V","Fore_women_modern"
"Papua_612","M/M","Fore_women_modern"
"Papua_612","M/V","Fore_women_modern"
"Papua_612","M/V","Fore_women_modern"
"Papua_612","M/M","Fore_women_modern"
"Papua_612","M/V","Fore_women_modern"
"Papua_612","M/V","Fore_women_modern"
"Papua_612","V/V","Fore_women_modern"
"Papua_612","M/M","Fore_women_modern"
"Papua_612","M/M","Fore_women_modern"
"Papua_612","M/V","Fore_women_modern"
"Papua_612","M/M","Fore_women_modern"
"Papua_612","V/V","Fore_women_modern"
"Papua_612","M/V","Fore_women_modern"
"Papua_612","M/V","Fore_women_modern"
"Papua_612","M/V","Fore_women_modern"
"Papua_612","M/V","Fore_women_modern"
"Papua_612","M/V","Fore_women_modern"
"Papua_612","M/V","Fore_women_modern"
"Papua_612","M/V","Fore_women_modern"
"Papua_612","M/M","Fore_women_modern"
"Papua_612","M/M","Fore_women_modern"
"Papua_612","V/V","Fore_women_modern"
"Papua_612","V/V","Fore_women_modern"
"Papua_612","M/M","Fore_women_modern"
"Papua_612","V/V","Fore_women_modern"
"Papua_612","M/V","Fore_women_modern"
"Papua_612","M/V","Fore_women_modern"
"Papua_612","V/V","Fore_women_modern"
"Papua_612","M/V","Fore_women_modern"
"Papua_612","M/V","Fore_women_modern"
"Papua_612","V/V","Fore_women_modern"
"Papua_612","V/V","Fore_women_modern"
"Papua_612","M/M","Fore_women_modern"
"Papua_612","V/V","Fore_women_modern"
"Papua_612","V/V","Fore_women_modern"
"Papua_612","M/V","Fore_women_modern"
"Papua_612","M/V","Fore_women_modern"
"Papua_612","M/V","Fore_women_modern"
"Papua_612","V/V","Fore_women_modern"
"Papua_612","M/M","Fore_women_modern"
"Papua_612","M/V","Fore_women_modern"
"Papua_612","M/M","Fore_women_modern"
"Papua_612","V/V","Fore_women_modern"
"Papua_612","V/V","Fore_women_modern"
"Papua_612","M/V","Fore_women_modern"
"Papua_612","M/V","Fore_women_modern"
"Papua_612","M/V","Fore_women_modern"
"Papua_612","M/V","Fore_women_modern"
"Papua_612","V/V","Fore_women_modern"
"Papua_612","M/V","Fore_women_modern"
"Papua_612","M/M","Fore_women_modern"
"Papua_612","M/V","Fore_women_modern"
"Papua_612","M/V","Fore_women_modern"
"Papua_612","V/V","Fore_women_modern"
"Papua_612","M/V","Fore_women_modern"
"Papua_612","M/V","Fore_women_modern"
"Papua_612","M/V","Fore_women_modern"
"Papua_612","M/M","Fore_women_modern"
"Papua_612","V/V","Fore_women_modern"
"Papua_612","M/V","Fore_women_modern"
"Papua_612","M/V","Fore_women_modern"
"Papua_612","V/V","Fore_women_modern"
"Papua_612","M/V","Fore_women_modern"
"Papua_612","M/V","Fore_women_modern"
"Papua_612","V/V","Fore_women_modern"
"Papua_612","M/V","Fore_women_modern"
"Papua_612","V/V","Fore_women_modern"
"Papua_612","M/V","Fore_women_modern"
"Papua_612","V/V","Fore_women_modern"
"Papua_612","M/V","Fore_women_modern"
"Papua_612","M/V","Fore_women_modern"
"Papua_612","V/V","Fore_women_modern"
"Papua_612","M/V","Fore_women_modern"
"Papua_612","V/V","Fore_women_modern"
"Papua_612","M/V","Fore_women_modern"
"Papua_612","M/M","Fore_women_modern"
"Papua_612","M/V","Fore_women_modern"
"Papua_612","M/V","Fore_women_modern"
"Papua_612","M/V","Fore_women_modern"
"Papua_612","M/M","Fore_women_modern"
"Papua_612","V/V","Fore_women_modern"
"Papua_612","M/M","Fore_women_modern"
"Papua_612","M/V","Fore_women_modern"
"Papua_612","M/M","Fore_women_modern"
"Papua_612","V/V","Fore_women_modern"
"Papua_612","M/V","Fore_women_modern"
"Papua_612","M/M","Fore_women_modern"
"Papua_612","M/M","Fore_women_modern"
"Papua_612","V/V","Fore_women_modern"
"Papua_612","M/M","Fore_women_modern"
"Papua_612","M/V","Fore_women_modern"
"Papua_612","M/V","Fore_women_modern"
"Papua_612","V/V","Fore_women_modern"
"Papua_612","M/V","Fore_women_modern"
"Papua_612","M/M","Fore_women_modern"
"Papua_612","M/V","Fore_women_modern"
"Papua_612","V/V","Fore_women_modern"
"Papua_612","V/V","Fore_women_modern"
"Papua_612","M/M","Fore_women_modern"
"Papua_612","V/V","Fore_women_modern"
"Papua_612","M/V","Fore_women_modern"
"Papua_612","M/M","Fore_women_modern"
"Papua_612","V/V","Fore_women_modern"
"Papua_612","V/V","Fore_women_modern"
"Papua_612","M/M","Fore_women_modern"
"Papua_612","V/V","Fore_women_modern"
"Papua_612","M/V","Fore_women_modern"
"Papua_612","M/M","Fore_women_modern"
"Papua_612","M/V","Fore_women_modern"
"Papua_612","V/V","Fore_women_modern"
"Papua_612","M/V","Fore_women_modern"
"Papua_612","M/V","Fore_women_modern"
"Papua_612","M/V","Fore_women_modern"
"Papua_612","M/M","Fore_women_modern"
"Papua_612","M/M","Fore_women_modern"
"Papua_612","V/V","Fore_women_modern"
"Papua_612","M/M","Fore_women_modern"
"Papua_612","M/V","Fore_women_modern"
"Papua_612","V/V","Fore_women_modern"
"Papua_612","M/M","Fore_women_modern"
"Papua_612","M/M","Fore_women_modern"
"Papua_612","M/M","Fore_women_modern"
"Papua_612","V/V","Fore_women_modern"
"Papua_612","V/V","Fore_women_modern"
"Papua_612","V/V","Fore_women_modern"
"Papua_612","M/V","Fore_women_modern"
"Papua_612","V/V","Fore_women_modern"
"Papua_612","M/V","Fore_women_modern"
"Papua_612","M/V","Fore_women_modern"
"Papua_612","M/V","Fore_women_modern"
"Papua_612","V/V","Fore_women_modern"
"Papua_612","M/M","Fore_women_modern"
"Papua_612","V/V","Fore_women_modern"
"Papua_612","V/V","Fore_women_modern"
"Papua_612","V/V","Fore_women_modern"
"Papua_612","M/V","Fore_women_modern"
"Papua_612","V/V","Fore_women_modern"
"Papua_612","M/V","Fore_women_modern"
"Papua_612","V/V","Fore_women_modern"
"Papua_612","M/V","Fore_women_modern"
"Papua_612","V/V","Fore_women_modern"
"Papua_612","V/V","Fore_women_modern"
"Papua_612","M/V","Fore_women_modern"
"Papua_612","M/M","Fore_women_modern"
"Papua_612","M/M","Fore_women_modern"
"Papua_612","V/V","Fore_women_modern"
"Papua_612","M/V","Fore_women_modern"
"Papua_612","M/V","Fore_women_modern"
"Papua_612","V/V","Fore_women_modern"
"Papua_612","M/M","Fore_women_modern"
"Papua_612","M/V","Fore_women_modern"
"Papua_612","V/V","Fore_women_modern"
"Papua_612","M/M","Fore_women_modern"
"Papua_612","M/V","Fore_women_modern"
"Papua_612","M/V","Fore_women_modern"
"Papua_612","M/V","Fore_women_modern"
"Papua_612","V/V","Fore_women_modern"
"Papua_612","M/V","Fore_women_modern"
"Papua_612","M/M","Fore_women_modern"
"Papua_612","M/V","Fore_women_modern"
"Papua_612","V/V","Fore_women_modern"
"Papua_612","M/M","Fore_women_modern"
"Papua_612","V/V","Fore_women_modern"
"Papua_612","M/V","Fore_women_modern"
"Papua_612","M/V","Fore_women_modern"
"Papua_612","V/V","Fore_women_modern"
"Papua_612","M/M","Fore_women_modern"
"Papua_612","V/V","Fore_women_modern"
"Papua_612","M/V","Fore_women_modern"
"Papua_612","M/M","Fore_women_modern"
"Papua_612","V/V","Fore_women_modern"
"Papua_612","M/V","Fore_women_modern"
"Papua_612","M/V","Fore_women_modern"
"Papua_612","V/V","Fore_women_modern"
"Papua_612","V/V","Fore_women_modern"
"Papua_612","M/V","Fore_women_modern"
"Papua_612","V/V","Fore_women_modern"
"Papua_612","M/V","Fore_women_modern"
"Papua_612","M/V","Fore_women_modern"
"Papua_612","M/V","Fore_women_modern"
"Papua_612","M/M","Fore_women_modern"
"Papua_612","M/M","Fore_women_modern"
"Papua_612","M/V","Fore_women_modern"
"Papua_612","M/V","Fore_women_modern"
"Papua_612","M/V","Fore_women_modern"
"Papua_612","V/V","Fore_women_modern"
"Papua_612","M/V","Fore_women_modern"
"Papua_612","M/M","Fore_women_modern"
"Papua_612","M/V","Fore_women_modern"
"Papua_612","M/V","Fore_women_modern"
"Papua_612","V/V","Fore_women_modern"
"Papua_612","M/V","Fore_women_modern"
"Papua_612","V/V","Fore_women_modern"
"Papua_612","M/V","Fore_women_modern"
"Papua_612","M/V","Fore_women_modern"
"Papua_612","M/V","Fore_women_modern"
"Papua_612","M/M","Fore_women_modern"
"Papua_612","M/V","Fore_women_modern"
"Papua_612","V/V","Fore_women_modern"
"Papua_612","V/V","Fore_women_modern"
"Papua_612","M/V","Fore_women_modern"
"Papua_612","M/M","Fore_women_modern"
"Papua_612","V/V","Fore_women_modern"
"Papua_612","M/V","Fore_women_modern"
